subhalo_id,mass,star_forming,has_agn,is_compact,metallicity,classification,is_metalrich
0,3682930000000.0,False,False,True,0.03570494,elliptical,1
1,267313630000.0,False,False,True,0.034155123,spiral,1
2,130253710000.0,False,False,True,0.028685456,elliptical,1
8,25283295000.0,True,True,True,0.023264028,spiral,1
11,25394104000.0,True,False,False,0.021453759,spiral,1
12,24893727000.0,True,False,False,0.024541052,spiral,1
17,5776425000.0,True,False,True,0.019496279,spiral,1
18,14483055000.0,True,False,False,0.021737915,spiral,1
19,3822634800.0,True,False,False,0.012651947,irregular,0
20,12410797000.0,True,True,True,0.024508577,spiral,1
28,5518101500.0,True,False,True,0.022593845,elliptical,1
29,3898862000.0,True,False,True,0.020834766,spiral,1
37,2640554500.0,True,False,False,0.012192595,spiral,0
40,7985815000.0,False,False,True,0.028540518,elliptical,1
44,2529808400.0,True,False,False,0.013173884,spiral,0
51,4245593900.0,False,False,False,0.017987479,elliptical,1
52,5386721300.0,False,False,False,0.022050392,elliptical,1
54,4449645000.0,False,False,True,0.020923264,elliptical,1
60,2587812900.0,False,False,False,0.01545272,elliptical,1
66,2434931200.0,False,False,False,0.016343985,elliptical,1
67,3830967800.0,True,False,True,0.021818047,elliptical,1
72,4601269000.0,False,False,True,0.032461546,elliptical,1
77,3606830800.0,False,False,True,0.023445565,elliptical,1
79,3141363000.0,False,False,False,0.018405009,irregular,1
98,2391058700.0,False,False,False,0.018182637,elliptical,1
101,3164772600.0,False,False,True,0.041388124,irregular,1
63864,1066460050000.0,False,False,True,0.03138655,elliptical,1
63865,231848330000.0,True,False,True,0.032869365,spiral,1
63866,174348730000.0,False,False,True,0.032975513,elliptical,1
63867,63218516000.0,True,False,True,0.025086444,spiral,1
63868,54627760000.0,True,False,True,0.024081187,spiral,1
63869,31908045000.0,True,False,True,0.021243183,spiral,1
63872,27697370000.0,True,False,False,0.021812439,spiral,1
63873,57481216000.0,False,False,True,0.041879434,elliptical,1
63874,49198887000.0,False,False,True,0.034865428,elliptical,1
63875,30953810000.0,False,False,True,0.029515337,elliptical,1
63876,18572292000.0,False,False,True,0.026521804,elliptical,1
63877,7231518700.0,True,False,False,0.0157292,spiral,1
63878,14543832000.0,False,False,True,0.025296247,spiral,1
63879,8166884000.0,True,False,True,0.022143045,spiral,1
63880,14419113000.0,False,False,True,0.036594078,elliptical,1
63881,3760543700.0,True,False,False,0.016763058,spiral,1
63882,11258388000.0,False,False,True,0.026674243,spiral,1
63883,7318522000.0,False,False,False,0.018313954,elliptical,1
63884,10599696000.0,False,False,True,0.030661251,spiral,1
63885,11454432000.0,False,False,True,0.0377246,elliptical,1
63886,10191639000.0,False,False,True,0.034286126,elliptical,1
63887,6340790000.0,True,False,False,0.01772407,spiral,1
63888,4312956400.0,True,False,True,0.020201398,elliptical,1
63891,7845848600.0,False,False,True,0.029524706,elliptical,1
63893,6621576700.0,False,False,True,0.022315329,elliptical,1
63894,3916904400.0,True,False,True,0.018226279,spiral,1
63896,3495315700.0,False,False,True,0.021906435,elliptical,1
63897,3977309200.0,True,False,True,0.021217866,elliptical,1
63898,3176390000.0,False,False,False,0.013886033,irregular,0
63899,2403890000.0,True,False,False,0.014489144,irregular,1
63900,6305292300.0,False,False,True,0.028482016,elliptical,1
63901,6484517000.0,False,False,True,0.032541443,spiral,1
63907,5368469500.0,False,False,True,0.036379736,elliptical,1
63910,2351773200.0,False,False,False,0.016815757,elliptical,1
63911,3419729200.0,False,False,True,0.024448294,elliptical,1
63912,2718926800.0,False,False,False,0.017515449,elliptical,1
63917,3156108500.0,False,False,True,0.026784915,elliptical,1
63926,2816080400.0,False,False,True,0.026193695,elliptical,1
63928,2649136400.0,False,False,True,0.027310705,elliptical,1
96762,1120893700000.0,False,True,True,0.03229323,elliptical,1
96763,52566532000.0,False,False,True,0.026451653,elliptical,1
96764,71412870000.0,False,False,True,0.028239464,elliptical,1
96765,23579770000.0,True,False,True,0.020176088,spiral,1
96766,34189890000.0,False,False,True,0.02970723,elliptical,1
96767,33817137000.0,False,False,True,0.029281577,elliptical,1
96768,21619335000.0,True,False,True,0.025098452,spiral,1
96770,12723608000.0,True,False,True,0.02408749,spiral,1
96771,24203000000.0,False,False,True,0.038175076,elliptical,1
96773,7365311000.0,True,False,True,0.020680333,elliptical,1
96774,2954399200.0,True,False,True,0.019411944,irregular,1
96775,8528951300.0,True,False,True,0.024380134,spiral,1
96776,18148663000.0,False,False,True,0.037942946,elliptical,1
96777,14480941000.0,False,False,True,0.029999191,spiral,1
96778,6288448500.0,True,False,False,0.01927973,spiral,1
96780,13892356000.0,False,False,True,0.03247304,elliptical,1
96781,12581271000.0,False,False,True,0.02850866,elliptical,1
96782,8368594400.0,False,False,True,0.029304428,elliptical,1
96784,4124453400.0,True,False,False,0.017592084,elliptical,1
96785,8107085000.0,False,False,True,0.024225367,elliptical,1
96786,4124747800.0,True,False,True,0.020107334,spiral,1
96788,4115786500.0,True,False,False,0.016839145,spiral,1
96791,5600284000.0,False,False,False,0.02111633,elliptical,1
96792,4112125000.0,True,False,True,0.021435153,spiral,1
96793,3996287000.0,True,False,True,0.019561777,elliptical,1
96794,4780075000.0,True,False,False,0.017907567,elliptical,1
96795,2225420500.0,True,False,False,0.016863968,elliptical,1
96797,3827411200.0,False,False,False,0.019764345,elliptical,1
96798,3452242400.0,False,False,False,0.02140407,elliptical,1
96800,3880155400.0,False,False,True,0.024203753,elliptical,1
96801,4238108700.0,False,False,True,0.034815915,elliptical,1
96804,3095402800.0,False,False,True,0.02341515,elliptical,1
96805,3183348500.0,False,False,True,0.030501267,elliptical,1
96806,2272925700.0,False,False,False,0.016944397,elliptical,1
96808,2614093000.0,False,False,True,0.020659046,elliptical,1
117250,813271550000.0,True,False,True,0.03441321,spiral,1
117251,245182300000.0,False,False,True,0.031065922,irregular,1
117252,130784670000.0,False,False,True,0.028067274,elliptical,1
117253,90321350000.0,False,False,True,0.03127899,elliptical,1
117254,46838166000.0,True,False,False,0.021125624,spiral,1
117255,38988775000.0,True,False,True,0.025645971,spiral,1
117256,58636000000.0,True,False,True,0.030242905,spiral,1
117257,14928444000.0,True,False,False,0.018119955,spiral,1
117258,22200267000.0,True,False,True,0.02455939,spiral,1
117259,33274218000.0,False,False,True,0.025504313,spiral,1
117260,14096752000.0,True,False,False,0.016907964,spiral,1
117262,24624440000.0,False,False,True,0.024305636,elliptical,1
117263,10852405000.0,True,False,False,0.01854476,spiral,1
117264,10364413000.0,True,False,False,0.017382745,spiral,1
117265,14724281000.0,True,False,False,0.018997975,spiral,1
117266,17351221000.0,True,False,True,0.021019422,spiral,1
117267,11771065000.0,True,False,False,0.020236347,elliptical,1
117268,8789482000.0,True,False,False,0.018192582,elliptical,1
117269,4329778000.0,True,False,False,0.016525747,spiral,1
117270,8373851000.0,True,False,False,0.01753319,elliptical,1
117271,13315923000.0,False,False,True,0.025666533,elliptical,1
117272,8171137500.0,True,False,False,0.019078478,elliptical,1
117273,6842862600.0,True,False,True,0.021702493,spiral,1
117274,12927664000.0,False,False,True,0.025920518,elliptical,1
117275,7750086000.0,False,False,True,0.024249382,elliptical,1
117277,3554115800.0,False,False,True,0.020198803,spiral,1
117278,5062028000.0,True,False,False,0.018916624,elliptical,1
117279,3443689000.0,True,False,False,0.01702055,elliptical,1
117281,5237596000.0,True,False,False,0.01892341,elliptical,1
117284,6426625000.0,False,False,True,0.027645884,elliptical,1
117289,2151245600.0,True,False,False,0.014802096,elliptical,1
117292,4034975000.0,True,False,False,0.017707188,irregular,1
117294,2778571300.0,True,False,True,0.018841261,elliptical,1
117296,4420955000.0,False,False,True,0.023410125,elliptical,1
117300,2475319800.0,False,False,False,0.019327935,elliptical,1
117302,2696410000.0,False,False,False,0.019067308,elliptical,1
117304,2563074800.0,False,False,True,0.018879084,elliptical,1
117306,3338163700.0,False,False,True,0.053791605,spiral,1
143880,218394660000.0,True,False,True,0.02802552,spiral,1
143881,200404520000.0,True,False,True,0.031139266,spiral,1
143882,190658690000.0,True,False,True,0.029630816,spiral,1
143884,148222570000.0,True,False,True,0.02686297,spiral,1
143886,102099750000.0,True,False,True,0.027044293,spiral,1
143887,58692780000.0,True,False,True,0.026266076,spiral,1
143888,70853075000.0,True,False,True,0.03234071,spiral,1
143889,23102507000.0,True,False,True,0.024573788,spiral,1
143890,9068552000.0,True,False,True,0.01967755,spiral,1
143891,12704939000.0,True,False,True,0.02508731,elliptical,1
143892,13494259000.0,False,False,True,0.023300596,spiral,1
143895,3448747500.0,True,False,True,0.018412823,spiral,1
143896,3164580000.0,True,False,False,0.01321672,spiral,0
143899,5410150400.0,False,False,True,0.020759381,elliptical,1
143900,2186873300.0,True,False,True,0.016844172,irregular,1
143904,3256794600.0,False,False,True,0.021698453,elliptical,1
143907,2829190000.0,False,False,True,0.018809028,elliptical,1
167392,376089600000.0,True,False,True,0.031577803,spiral,1
167393,314379000000.0,True,False,True,0.03025789,spiral,1
167394,124556090000.0,True,False,True,0.026252573,spiral,1
167395,93935350000.0,True,False,True,0.029786788,spiral,1
167396,24232188000.0,True,True,True,0.025214836,spiral,1
167397,20478353000.0,True,False,True,0.022566887,spiral,1
167399,22094166000.0,True,False,True,0.025797017,spiral,1
167400,7075520500.0,True,False,False,0.015779402,spiral,1
167401,6540748000.0,True,False,True,0.022669358,elliptical,1
167402,3811622100.0,True,False,True,0.021791462,elliptical,1
167403,3188553500.0,True,False,False,0.014687208,spiral,1
167404,2307122200.0,True,False,False,0.016491413,elliptical,1
167405,7534943000.0,True,False,False,0.020461783,spiral,1
167407,5605536000.0,True,False,True,0.021886136,elliptical,1
167409,5076655000.0,False,False,True,0.022691257,elliptical,1
167410,4105063400.0,True,False,False,0.018832684,elliptical,1
167412,3364634000.0,False,False,True,0.021853764,elliptical,1
167413,3050422300.0,True,False,False,0.018259972,elliptical,1
167414,3900502000.0,True,False,False,0.019168293,elliptical,1
167415,4931465000.0,True,False,True,0.023621598,irregular,1
167418,5431554600.0,False,False,True,0.03305981,elliptical,1
167420,3636084500.0,True,False,True,0.019404495,elliptical,1
167421,3322488000.0,False,False,True,0.020866433,elliptical,1
167422,4076703200.0,False,False,True,0.030502137,elliptical,1
167434,2193371000.0,False,False,True,0.024608782,elliptical,1
184931,537412830000.0,True,False,True,0.028443804,spiral,1
184932,108050280000.0,False,False,True,0.028287126,elliptical,1
184933,21751726000.0,True,False,True,0.020651631,irregular,1
184934,70492330000.0,False,False,True,0.03226095,spiral,1
184935,55686226000.0,True,False,True,0.033977814,spiral,1
184936,25758464000.0,True,False,False,0.021888958,spiral,1
184938,4610879000.0,True,False,False,0.014366306,spiral,1
184940,19480074000.0,True,True,True,0.029243609,elliptical,1
184941,6596276700.0,True,False,True,0.020934604,spiral,1
184942,10089264000.0,False,False,True,0.023350539,elliptical,1
184944,11597650000.0,False,False,True,0.026442086,elliptical,1
184945,14586028000.0,False,False,True,0.033066366,elliptical,1
184946,11551664000.0,False,False,True,0.031851504,elliptical,1
184947,5257207000.0,False,False,True,0.022791905,elliptical,1
184948,5854053000.0,False,False,True,0.024185527,elliptical,1
184949,6733244400.0,True,False,True,0.026973099,elliptical,1
184951,5506663400.0,True,False,True,0.020571725,irregular,1
184952,4755312000.0,False,False,True,0.023954201,elliptical,1
184953,3727379200.0,False,False,True,0.021197105,elliptical,1
184954,4528317000.0,False,False,True,0.031893164,elliptical,1
184955,3594149400.0,False,False,True,0.026386507,elliptical,1
184963,2447416000.0,False,False,True,0.02480143,irregular,1
198182,895529650000.0,True,False,True,0.035558973,spiral,1
198184,8342384000.0,True,False,False,0.019443057,spiral,1
198185,17634441000.0,True,False,True,0.026126219,elliptical,1
198186,11042836000.0,False,False,True,0.024790367,elliptical,1
198187,11466655000.0,False,False,True,0.03396198,elliptical,1
198188,9715194000.0,False,False,True,0.027671145,elliptical,1
198190,2780975400.0,True,False,False,0.017213931,spiral,1
198191,2268013800.0,True,False,True,0.018500304,elliptical,1
198192,2734967300.0,False,False,False,0.017276376,elliptical,1
198193,3296753000.0,False,False,True,0.022008875,elliptical,1
208811,548520720000.0,True,False,True,0.030723868,spiral,1
208812,48310640000.0,True,False,True,0.024273867,spiral,1
208813,16332050000.0,True,False,False,0.021839028,elliptical,1
208814,7352595000.0,True,False,True,0.018424956,spiral,1
208816,6367180300.0,True,False,True,0.02355099,irregular,1
208817,8954668000.0,True,True,True,0.026878707,elliptical,1
208818,5675072000.0,True,False,False,0.021336377,elliptical,1
208819,9610638000.0,True,False,True,0.030828353,elliptical,1
208820,5908087300.0,True,False,False,0.018200153,spiral,1
208821,6704744000.0,False,False,True,0.02752235,elliptical,1
208824,5637241000.0,False,False,True,0.024888461,elliptical,1
208827,3778148600.0,False,False,False,0.023125634,spiral,1
208829,2493699300.0,False,False,True,0.022332374,elliptical,1
208830,3424169500.0,False,False,True,0.027759615,elliptical,1
220595,545790560000.0,True,False,True,0.033062138,spiral,1
220596,192252080000.0,False,False,True,0.03318612,elliptical,1
220597,44444060000.0,True,False,True,0.02347239,spiral,1
220598,13030797000.0,True,False,False,0.017041266,spiral,1
220599,11420269000.0,True,True,True,0.019843414,spiral,1
220600,10100492000.0,True,False,True,0.021724224,spiral,1
220601,13443889000.0,True,False,True,0.022803815,elliptical,1
220602,3564107500.0,True,False,True,0.018558782,spiral,1
220603,6842371600.0,True,False,True,0.021043163,elliptical,1
220604,16883225000.0,False,False,True,0.03614347,elliptical,1
220605,9327983000.0,False,False,True,0.02787159,elliptical,1
220606,6974187000.0,False,False,True,0.025467996,elliptical,1
220607,6511831000.0,False,False,True,0.024322715,elliptical,1
220609,6744320000.0,False,False,True,0.03204923,elliptical,1
220610,2842842400.0,False,False,False,0.016771866,elliptical,1
229933,556184300000.0,True,False,True,0.029048791,spiral,1
229935,47154905000.0,True,False,True,0.025813002,spiral,1
229936,32418994000.0,True,False,True,0.026886526,irregular,1
229939,5038402600.0,True,False,False,0.018846245,elliptical,1
229940,3588978400.0,True,False,True,0.018259294,irregular,1
229941,5825114000.0,True,False,False,0.016786747,elliptical,1
229944,2984602000.0,True,False,False,0.016605401,elliptical,1
229950,2731011600.0,False,False,True,0.024921158,elliptical,1
242789,210177030000.0,False,False,True,0.02929362,elliptical,1
242790,163793260000.0,True,False,True,0.030451328,spiral,1
242791,32111532000.0,True,False,True,0.023095246,spiral,1
242792,23327515000.0,False,False,True,0.02569211,elliptical,1
242793,21512040000.0,True,False,True,0.024501028,spiral,1
242794,11839482000.0,True,False,False,0.020342024,spiral,1
242795,14396126000.0,False,False,True,0.029122544,elliptical,1
242797,3522815500.0,True,False,True,0.019298883,elliptical,1
253861,537769300000.0,True,False,False,0.028826654,irregular,1
253862,62427610000.0,True,False,True,0.023111314,spiral,1
253863,97392570000.0,False,False,True,0.038409602,elliptical,1
253864,17014424000.0,True,False,False,0.016091648,elliptical,1
253865,21949219000.0,False,False,True,0.03289582,elliptical,1
253866,2756541400.0,True,False,True,0.01631424,spiral,1
253867,5502039000.0,True,False,True,0.022973303,elliptical,1
253868,3086913000.0,True,False,False,0.016520146,elliptical,1
253869,7861995500.0,False,False,True,0.027098933,elliptical,1
253871,4912674000.0,False,False,True,0.02243875,elliptical,1
253872,4121978000.0,False,False,True,0.020996772,elliptical,1
253873,3124821500.0,False,False,True,0.020029109,elliptical,1
253874,4738564600.0,False,False,True,0.025825787,elliptical,1
253880,2927480800.0,False,False,False,0.022639468,elliptical,1
253881,2529491700.0,False,False,True,0.019747293,elliptical,1
253884,3099048400.0,False,False,True,0.032471985,elliptical,1
264883,204406470000.0,True,False,True,0.027683744,elliptical,1
264884,82503870000.0,True,False,True,0.027447477,irregular,1
264885,88525955000.0,False,False,True,0.031224743,elliptical,1
264886,58672562000.0,True,False,True,0.028746692,spiral,1
264887,43499373000.0,True,False,True,0.029278073,elliptical,1
264888,9337385000.0,True,False,False,0.016011566,spiral,1
264889,19104668000.0,True,False,True,0.028118309,spiral,1
264890,9383739000.0,True,False,False,0.01848302,irregular,1
264891,8941329000.0,False,False,True,0.021663588,elliptical,1
264893,6415716400.0,False,False,True,0.021336623,elliptical,1
264894,4024176400.0,True,False,True,0.019686438,elliptical,1
264896,6204628000.0,True,False,True,0.025754476,elliptical,1
264897,3978931700.0,True,False,False,0.020043686,elliptical,1
264898,2193533000.0,True,False,False,0.016306847,elliptical,1
275545,512354030000.0,True,False,True,0.027742127,spiral,1
275546,34956747000.0,False,False,True,0.030098882,elliptical,1
275547,17440110000.0,True,False,True,0.023742773,elliptical,1
275548,14304524000.0,True,False,False,0.020540813,elliptical,1
275549,10959897000.0,True,False,False,0.017527832,spiral,1
275550,19003097000.0,False,False,True,0.028642097,elliptical,1
275551,10604202000.0,False,False,True,0.024788082,elliptical,1
275552,3283779000.0,False,False,True,0.020587362,elliptical,1
275553,2769724000.0,False,False,True,0.020099211,elliptical,1
275555,2434902000.0,False,False,True,0.019467436,elliptical,1
275557,2557288400.0,False,False,True,0.023916474,elliptical,1
282779,404999800000.0,False,False,True,0.03067663,elliptical,1
282781,7207077400.0,False,False,True,0.022821834,elliptical,1
282782,5329602600.0,True,False,False,0.01685026,spiral,1
282783,3636214500.0,True,False,False,0.012623537,spiral,0
282784,2908324600.0,True,False,False,0.01383667,spiral,0
282785,4064658000.0,True,False,False,0.017936403,spiral,1
282790,2190349300.0,True,False,False,0.017965639,elliptical,1
289385,493048700000.0,False,False,True,0.03285755,elliptical,1
289386,11104605000.0,True,False,False,0.018933024,spiral,1
289387,4834585600.0,True,False,False,0.013931038,spiral,0
289389,4925092000.0,True,False,True,0.024612293,elliptical,1
289390,2765973000.0,True,False,False,0.017911632,elliptical,1
294866,402717180000.0,True,False,True,0.032790743,spiral,1
294868,35044045000.0,False,False,True,0.027148925,elliptical,1
294869,16078173000.0,True,False,False,0.017603507,spiral,1
294871,12166461000.0,False,False,True,0.034509283,irregular,1
294872,11815257000.0,False,False,True,0.036368415,elliptical,1
294874,4189586700.0,False,False,True,0.022564929,spiral,1
294875,2763487700.0,False,False,True,0.020504894,elliptical,1
294879,2728766500.0,True,False,False,0.02165856,elliptical,1
294881,2496365800.0,False,False,True,0.020667376,elliptical,1
300903,423598750000.0,True,False,True,0.028444666,spiral,1
300904,89820890000.0,True,False,True,0.029041782,spiral,1
300905,32769645000.0,True,False,True,0.022891711,spiral,1
300906,5106779000.0,True,False,True,0.018229779,spiral,1
300912,2370296800.0,False,False,False,0.020156605,elliptical,1
307485,141124520000.0,False,False,True,0.030318065,elliptical,1
307486,203910150000.0,True,False,True,0.03251325,spiral,1
307487,81141990000.0,True,False,True,0.027217744,spiral,1
307488,15594366000.0,True,False,True,0.021754047,irregular,1
307489,5853120500.0,True,False,True,0.019473072,elliptical,1
307490,4953997300.0,True,False,True,0.021424651,elliptical,1
307491,4619418600.0,True,False,True,0.017915992,spiral,1
307494,2579776800.0,False,False,False,0.016984044,elliptical,1
313692,337292850000.0,True,False,True,0.03224312,spiral,1
313693,24115972000.0,True,False,True,0.024347432,elliptical,1
313694,28634108000.0,False,False,True,0.026910888,spiral,1
313695,11312089000.0,True,True,False,0.021356326,spiral,1
313696,7800571400.0,True,False,True,0.02316435,spiral,1
313697,3101660000.0,True,False,False,0.016550612,elliptical,1
313698,4015349500.0,False,False,True,0.019554704,elliptical,1
319730,446747900000.0,False,False,True,0.03197969,elliptical,1
319731,49814045000.0,True,False,True,0.025257591,spiral,1
319732,6386737700.0,True,False,False,0.013790878,spiral,0
319733,4550907400.0,True,False,False,0.017441878,elliptical,1
319734,5295018000.0,False,False,True,0.023752626,spiral,1
324123,253146370000.0,True,False,True,0.026586061,irregular,1
324124,120009000000.0,True,False,True,0.02880116,spiral,1
324126,14623407000.0,False,False,True,0.031086642,elliptical,1
324129,5433092600.0,False,False,True,0.025103208,elliptical,1
324131,3861908000.0,False,False,True,0.026822891,elliptical,1
324132,3529577000.0,False,False,True,0.026772764,elliptical,1
329508,327259780000.0,False,False,True,0.030101385,elliptical,1
329509,14226806000.0,True,False,True,0.022830557,elliptical,1
329510,2229624600.0,True,False,False,0.009905979,spiral,0
333424,178811910000.0,True,False,True,0.029392544,irregular,1
333425,55083012000.0,True,False,True,0.024775742,spiral,1
333426,10285189000.0,True,False,False,0.015307923,spiral,1
333427,11397477000.0,True,False,False,0.018879898,spiral,1
333429,7336237000.0,True,False,True,0.022574775,irregular,1
333434,2408534500.0,False,False,False,0.020207664,elliptical,1
338446,223978670000.0,True,False,True,0.026987506,spiral,1
338447,48611082000.0,False,False,True,0.0381289,elliptical,1
338448,5120979000.0,False,False,True,0.029385876,elliptical,1
342446,106271924000.0,True,False,True,0.027143171,spiral,1
342447,64091530000.0,True,False,True,0.024892591,spiral,1
342448,62867810000.0,True,False,True,0.024674587,spiral,1
342449,12393035000.0,True,False,True,0.01912273,spiral,1
342450,2904154600.0,True,False,False,0.015952695,spiral,1
345872,230680890000.0,False,False,True,0.03237841,elliptical,1
345877,5190430000.0,False,False,True,0.024402348,elliptical,1
348901,177283150000.0,True,False,True,0.029493596,spiral,1
348902,9557314000.0,True,False,False,0.017253688,spiral,1
348903,20992694000.0,True,False,True,0.02306575,spiral,1
348904,6685543000.0,False,False,True,0.024320545,elliptical,1
348906,2820131800.0,True,False,False,0.0134145105,spiral,0
352426,220163310000.0,True,False,True,0.027886549,spiral,1
352428,2754633200.0,False,False,True,0.030826792,elliptical,1
355724,161964400000.0,True,False,True,0.023632385,irregular,1
355725,32499753000.0,True,False,True,0.034723006,irregular,1
355726,3929915100.0,True,False,False,0.01603578,spiral,1
355727,4373117400.0,False,False,True,0.020350516,irregular,1
355734,2196372200.0,False,False,True,0.024478162,elliptical,1
358608,155941370000.0,True,False,True,0.025924532,irregular,1
358609,65723660000.0,False,False,True,0.030348597,elliptical,1
358610,11361266000.0,False,False,True,0.023411121,elliptical,1
358611,2190672100.0,True,False,True,0.01701157,elliptical,1
360923,259721020000.0,True,False,True,0.030572498,spiral,1
360924,5882529000.0,True,False,False,0.018192828,elliptical,1
360925,10594566000.0,True,True,True,0.029915038,irregular,1
362995,33511477000.0,True,True,True,0.024259973,elliptical,1
362997,2169718300.0,True,False,False,0.013964522,spiral,0
366408,2261906700.0,True,False,False,0.011037044,spiral,0
368843,202300820000.0,True,False,True,0.029679243,spiral,1
368844,11547357000.0,True,False,False,0.018934593,spiral,1
368845,2948083200.0,True,False,False,0.012405517,spiral,0
371126,189996900000.0,True,False,True,0.027688364,spiral,1
371127,55978295000.0,True,False,True,0.023306927,spiral,1
371128,11916915000.0,True,False,True,0.022172602,spiral,1
371129,3197239600.0,True,False,True,0.018951204,irregular,1
372754,128460060000.0,True,False,True,0.029120183,spiral,1
372755,46944006000.0,True,False,True,0.022185162,spiral,1
375073,128373250000.0,True,False,True,0.030840522,spiral,1
375074,8457828400.0,True,False,False,0.019450095,spiral,1
375075,8834277000.0,True,True,True,0.025689524,elliptical,1
377655,80201000000.0,False,False,True,0.027158381,spiral,1
377656,56702833000.0,False,False,True,0.02783678,spiral,1
377657,16509328000.0,True,True,True,0.02696452,spiral,1
377658,15279930000.0,True,False,True,0.025122585,spiral,1
377659,5437446000.0,True,False,False,0.014381712,spiral,1
379804,12523697000.0,True,False,False,0.016304217,spiral,1
379805,16518789000.0,True,False,True,0.025741499,spiral,1
379806,4558592500.0,True,False,True,0.019461956,spiral,1
382215,137561620000.0,True,False,True,0.026573747,irregular,1
382216,11374616000.0,True,False,False,0.015638176,spiral,1
383975,92051775000.0,True,False,True,0.026864504,spiral,1
383976,47069080000.0,True,False,True,0.026401855,irregular,1
383978,3120004400.0,True,False,False,0.014656687,irregular,1
386269,90855860000.0,True,False,True,0.023171892,spiral,1
386270,45383893000.0,True,False,True,0.023572048,spiral,1
386271,10300928000.0,True,False,False,0.015345017,spiral,1
386272,3487502000.0,True,False,True,0.021874823,elliptical,1
388544,124841290000.0,True,False,True,0.025631135,spiral,1
388545,12795114000.0,False,False,True,0.026341248,irregular,1
388546,9506600000.0,True,False,False,0.019114308,spiral,1
388549,3141577200.0,False,False,True,0.019885844,elliptical,1
390932,177609970000.0,False,False,True,0.029272653,spiral,1
390933,12698729000.0,True,False,True,0.026426028,elliptical,1
392276,60135993000.0,True,False,True,0.030801969,spiral,1
392277,34884940000.0,True,False,True,0.023821613,spiral,1
392278,22791350000.0,True,False,False,0.01723348,spiral,1
392279,4837833700.0,True,False,False,0.017756557,spiral,1
392280,2824968400.0,True,False,False,0.012513363,spiral,0
394621,46898237000.0,True,False,True,0.02424592,spiral,1
394622,50368487000.0,True,False,True,0.026134182,spiral,1
394624,3150359000.0,True,False,False,0.013058295,spiral,0
396628,129361360000.0,False,False,True,0.029453415,spiral,1
396629,15816536000.0,True,False,True,0.023116987,elliptical,1
398784,158164370000.0,True,False,True,0.029202051,spiral,1
400973,113952080000.0,False,False,True,0.029148227,irregular,1
400974,26337913000.0,True,False,True,0.020829711,spiral,1
402555,91937220000.0,True,False,True,0.026448466,spiral,1
402556,20940770000.0,True,False,False,0.018957336,spiral,1
402557,15399889000.0,True,True,True,0.02190764,spiral,1
402558,4018026200.0,True,False,False,0.015743254,spiral,1
404817,94294295000.0,True,False,False,0.021202503,irregular,1
404818,29094134000.0,False,False,True,0.036195174,elliptical,1
406941,83529960000.0,False,False,True,0.028813938,elliptical,1
406942,74498580000.0,True,False,False,0.0237888,spiral,1
406943,4914668000.0,True,False,False,0.018500792,spiral,1
408534,135053300000.0,True,False,True,0.028956516,spiral,1
408535,24889973000.0,True,True,True,0.024710659,spiral,1
410037,144163700000.0,False,False,True,0.028470214,spiral,1
410039,2649967900.0,False,False,True,0.024321616,elliptical,1
411449,112497920000.0,True,False,True,0.029289417,spiral,1
411450,13643043000.0,True,False,True,0.025843779,elliptical,1
411451,4362835000.0,True,False,False,0.015641693,spiral,1
413373,49833110000.0,True,False,True,0.027714547,irregular,1
413374,5175985000.0,True,False,True,0.019175833,spiral,1
414917,103425750000.0,False,False,True,0.028705454,spiral,1
414918,21816620000.0,False,False,True,0.030526202,spiral,1
414919,7362399700.0,True,False,False,0.015411949,spiral,1
418335,125148250000.0,False,False,True,0.027139913,elliptical,1
418336,10377718000.0,True,False,True,0.021701075,elliptical,1
418337,4105417200.0,True,False,False,0.017526137,elliptical,1
419619,3050751500.0,True,False,True,0.017059222,elliptical,1
421555,88211770000.0,True,False,True,0.023841806,spiral,1
421556,5541132300.0,True,False,True,0.019977152,elliptical,1
422754,62467047000.0,True,False,True,0.025413048,spiral,1
422755,6189241000.0,True,False,True,0.020711703,irregular,1
424288,72031400000.0,True,False,True,0.0256032,spiral,1
424289,12795442000.0,True,False,False,0.015467818,spiral,1
424290,3147442000.0,True,False,True,0.019070249,elliptical,1
425719,84141064000.0,True,False,True,0.024077807,irregular,1
425720,6219162000.0,True,False,True,0.022648577,spiral,1
427211,98283045000.0,True,False,True,0.026276106,spiral,1
427213,3781894100.0,True,True,False,0.016973555,spiral,1
428177,70675320000.0,False,False,True,0.028180087,spiral,1
428178,13091058000.0,True,False,True,0.023280563,irregular,1
428179,19042350000.0,True,False,False,0.020199064,spiral,1
429471,86825130000.0,False,False,True,0.029286858,elliptical,1
429472,11606209000.0,True,False,False,0.01839859,spiral,1
429473,6153719300.0,True,False,False,0.01956777,spiral,1
430864,82412440000.0,True,False,True,0.029354608,spiral,1
430865,9459394000.0,True,False,False,0.013425587,spiral,0
430866,4614536700.0,True,False,False,0.017775754,irregular,1
432106,104223790000.0,True,False,True,0.030935798,elliptical,1
432107,6852222000.0,True,False,False,0.016535928,spiral,1
432108,3948243500.0,True,False,False,0.015596741,irregular,1
432109,2384194600.0,True,False,False,0.015986139,elliptical,1
433289,128081900000.0,True,False,False,0.030271355,spiral,1
434356,89221250000.0,False,False,True,0.030007772,elliptical,1
434357,6860974600.0,True,False,True,0.021026801,elliptical,1
435752,82648910000.0,True,False,True,0.026096007,spiral,1
435753,3212324900.0,True,False,False,0.014302219,spiral,1
436932,97628300000.0,True,False,True,0.025547542,spiral,1
436933,3044597500.0,True,False,True,0.017198078,spiral,1
438148,128867840000.0,True,False,True,0.026233112,spiral,1
438149,3954672000.0,True,False,False,0.01926153,elliptical,1
439099,89517050000.0,False,False,True,0.024875643,spiral,1
439100,3733936000.0,False,False,True,0.020947928,elliptical,1
440407,61950530000.0,True,False,True,0.026704207,spiral,1
440408,20389368000.0,True,False,False,0.017697183,spiral,1
440409,3522359800.0,True,False,False,0.016709842,spiral,1
440410,2794186000.0,True,False,False,0.013717465,spiral,0
441709,94771040000.0,True,False,True,0.026877245,spiral,1
441710,3866564000.0,True,False,True,0.019363187,elliptical,1
443049,54318060000.0,False,False,True,0.027261624,spiral,1
443050,12038491000.0,True,False,False,0.018096723,spiral,1
443051,4615626000.0,True,False,True,0.01748571,spiral,1
443052,3761774000.0,True,False,False,0.0144434115,spiral,1
444134,33195803000.0,True,False,True,0.02544699,irregular,1
444135,35212480000.0,False,False,True,0.024227582,spiral,1
444136,6137992000.0,True,False,True,0.024776064,elliptical,1
446666,8707001000.0,True,False,False,0.019484082,spiral,1
446667,7417966600.0,True,False,False,0.017817644,spiral,1
446668,4833427500.0,True,False,False,0.016852451,spiral,1
448830,98411430000.0,True,False,True,0.025502717,spiral,1
449658,49047800000.0,True,False,True,0.024830144,spiral,1
449659,38231093000.0,True,False,True,0.025395473,spiral,1
450916,88509140000.0,False,False,True,0.028406443,elliptical,1
450917,19135107000.0,True,False,True,0.021244833,spiral,1
452031,89091530000.0,False,False,True,0.026441712,spiral,1
452032,2941819600.0,True,False,True,0.018762887,spiral,1
452978,75464990000.0,True,False,True,0.025978677,irregular,1
452979,4903219000.0,True,False,False,0.013414226,spiral,0
452980,3919895300.0,True,False,False,0.012195243,spiral,0
452981,3877779000.0,True,False,False,0.013099796,irregular,0
454171,51285664000.0,False,False,True,0.026111407,spiral,1
454172,37361210000.0,False,False,True,0.032788917,spiral,1
455291,48108687000.0,True,False,False,0.020905914,spiral,1
455292,36004573000.0,True,False,False,0.02117443,spiral,1
456326,79066840000.0,True,False,True,0.025607726,spiral,1
456327,18752522000.0,True,False,True,0.022085505,spiral,1
457431,63674980000.0,False,False,True,0.028936012,elliptical,1
457432,24129954000.0,True,False,False,0.02119748,spiral,1
458470,86302460000.0,True,False,True,0.027058342,spiral,1
458472,3745782800.0,True,False,True,0.017621689,spiral,1
459557,30465130000.0,True,False,True,0.027380936,spiral,1
459559,20769243000.0,True,False,False,0.019205835,spiral,1
460722,18172885000.0,True,False,False,0.016872648,spiral,1
460723,10789066000.0,True,False,True,0.020478593,spiral,1
460724,7224870000.0,True,False,False,0.015480713,spiral,1
460725,9232492000.0,True,False,True,0.024148237,spiral,1
460726,9828661000.0,True,False,True,0.022584623,spiral,1
461785,106009030000.0,True,False,True,0.02642261,elliptical,1
462710,82263890000.0,True,False,True,0.028887447,irregular,1
462711,8722673000.0,True,False,True,0.02988026,irregular,1
464163,71189870000.0,True,False,True,0.025106573,spiral,1
464164,4380126700.0,True,False,False,0.014896858,spiral,1
465255,63249818000.0,False,False,True,0.028040983,spiral,1
466549,54803240000.0,False,False,True,0.029340293,elliptical,1
466550,27826676000.0,True,False,True,0.025943194,elliptical,1
467415,78996800000.0,True,False,True,0.027766716,spiral,1
467416,3500951000.0,True,False,False,0.012806803,spiral,0
468590,94744740000.0,False,False,True,0.03001967,spiral,1
469487,57250690000.0,True,False,True,0.025430134,spiral,1
469488,21013678000.0,True,False,True,0.022451112,spiral,1
470345,85230300000.0,True,False,True,0.030635476,spiral,1
471248,79945064000.0,False,False,True,0.028559357,spiral,1
471249,2725037600.0,True,False,False,0.015392529,irregular,1
471996,69695660000.0,True,False,True,0.027255127,spiral,1
471997,12212414000.0,True,True,True,0.023268204,elliptical,1
471998,7800733700.0,True,False,False,0.01876065,spiral,1
472548,77540990000.0,True,False,True,0.028031303,spiral,1
473329,71004955000.0,True,False,True,0.024968477,spiral,1
473330,15164467000.0,True,True,False,0.017584028,spiral,1
474008,63292404000.0,True,False,True,0.02313878,spiral,1
475016,85386720000.0,True,False,False,0.026053643,spiral,1
475619,90290490000.0,False,False,True,0.0315903,elliptical,1
476266,33813580000.0,True,False,True,0.021456039,spiral,1
476267,21095790000.0,True,True,True,0.025707515,irregular,1
477328,41181434000.0,True,False,False,0.019351032,spiral,1
477329,5738254000.0,True,False,True,0.02202356,spiral,1
477330,5702114300.0,True,False,True,0.02112732,spiral,1
478216,40153887000.0,False,False,True,0.024585,spiral,1
478217,17495460000.0,True,False,False,0.018754845,spiral,1
478218,5244162600.0,True,False,True,0.020257683,elliptical,1
479290,61846086000.0,True,False,True,0.02326824,spiral,1
479291,3300123100.0,True,False,False,0.011199158,spiral,0
479292,2444358700.0,True,False,True,0.016987493,elliptical,1
479938,45189636000.0,True,False,True,0.023384,spiral,1
480802,34270247000.0,True,False,True,0.024397047,spiral,1
480803,25456781000.0,False,False,True,0.02593461,irregular,1
480804,11975994000.0,True,False,True,0.025862254,spiral,1
481428,56293736000.0,False,False,True,0.02954532,elliptical,1
481429,12528804000.0,True,False,True,0.024714712,spiral,1
481430,2185235200.0,True,False,False,0.015689872,spiral,1
482155,81472750000.0,False,False,True,0.027394392,spiral,1
482890,11082566000.0,True,False,True,0.01993571,spiral,1
482891,4413335600.0,False,False,True,0.034110256,elliptical,1
483594,62364980000.0,True,False,True,0.028598502,irregular,1
484448,69393390000.0,False,False,True,0.028636465,elliptical,1
485056,56849433000.0,True,False,True,0.025149226,spiral,1
486046,54965370000.0,True,False,True,0.02730661,spiral,1
486917,20787663000.0,False,False,True,0.026479881,elliptical,1
486918,12715815000.0,True,False,True,0.018865127,spiral,1
486919,9361280000.0,False,False,True,0.027443558,elliptical,1
487742,24646830000.0,True,False,True,0.021990255,spiral,1
487743,17710516000.0,True,False,True,0.02486969,spiral,1
487744,2759927300.0,True,False,False,0.017187057,irregular,1
488530,75432714000.0,True,False,True,0.026888339,spiral,1
489206,64841163000.0,False,False,True,0.028218811,spiral,1
490079,39715475000.0,True,False,True,0.022191279,irregular,1
490081,5192856000.0,True,False,True,0.03250553,elliptical,1
490814,37224493000.0,True,False,True,0.025072088,spiral,1
490815,12186760000.0,True,False,True,0.021437269,spiral,1
491426,58925257000.0,True,False,True,0.024575008,spiral,1
492244,59657966000.0,True,False,True,0.02559259,spiral,1
492876,59746140000.0,False,False,True,0.025114775,elliptical,1
492877,2654537500.0,True,False,False,0.012654536,spiral,0
493433,46258647000.0,True,False,True,0.02306669,spiral,1
494011,53877465000.0,True,False,True,0.024005275,spiral,1
494709,52409917000.0,False,False,True,0.025431626,spiral,1
494710,3997405200.0,True,False,False,0.012300426,spiral,0
494711,2384750300.0,True,False,True,0.018565893,spiral,1
496788,20125661000.0,True,False,False,0.018470516,spiral,1
496789,20691420000.0,True,True,True,0.023610989,spiral,1
497557,32301390000.0,True,False,True,0.024772277,spiral,1
497558,8421486000.0,True,False,True,0.02464544,irregular,1
498522,68269597000.0,False,False,True,0.025735337,spiral,1
499022,10627203000.0,True,False,False,0.013475925,spiral,0
499023,4705903600.0,True,False,True,0.022567876,spiral,1
499704,38547510000.0,True,False,True,0.024915466,irregular,1
500576,23725920000.0,True,False,False,0.01831289,spiral,1
500577,22993555000.0,True,False,True,0.021722507,spiral,1
501208,58692067000.0,True,False,True,0.026217924,irregular,1
501209,2334182000.0,True,False,True,0.027050305,elliptical,1
501725,52882400000.0,True,False,False,0.024115264,spiral,1
501726,2594892300.0,True,False,False,0.0152638815,elliptical,1
502371,35497697000.0,True,False,False,0.019874007,spiral,1
502372,2622489000.0,True,False,True,0.019147795,elliptical,1
502995,53180576000.0,True,False,True,0.025398832,spiral,1
502996,6544568000.0,True,False,False,0.013398528,spiral,0
503437,50356646000.0,True,False,True,0.022192396,spiral,1
503987,41533116000.0,False,False,True,0.026853556,elliptical,1
503988,7886083600.0,True,False,True,0.023114271,spiral,1
504560,4638319000.0,True,False,False,0.01637151,elliptical,1
505100,39322250000.0,True,False,True,0.02816321,spiral,1
505101,20759180000.0,True,False,True,0.022093037,spiral,1
505586,72509686000.0,True,False,True,0.0266763,spiral,1
506720,53741960000.0,True,False,True,0.027087951,spiral,1
507292,18524738000.0,True,False,True,0.019693984,spiral,1
507293,8184892400.0,True,False,True,0.020796094,spiral,1
507294,18978216000.0,True,False,True,0.026691249,spiral,1
507785,7929747500.0,True,False,False,0.016770402,spiral,1
508538,23257645000.0,True,False,True,0.023115396,spiral,1
508539,17893728000.0,True,False,True,0.025797298,spiral,1
508540,2504687600.0,True,False,False,0.012005297,spiral,0
509091,37588496000.0,True,False,False,0.020466385,spiral,1
509709,49847685000.0,False,False,True,0.02523432,elliptical,1
509710,3151745800.0,True,False,True,0.020651627,elliptical,1
510273,60147016000.0,True,False,False,0.021900935,spiral,1
510585,34757005000.0,True,False,True,0.024507567,spiral,1
510586,6158297600.0,True,False,True,0.022019494,elliptical,1
511303,33635785000.0,True,False,True,0.022587024,spiral,1
511920,59723420000.0,False,False,True,0.027448842,spiral,1
512425,35967400000.0,True,False,True,0.023340836,spiral,1
513105,30868433000.0,False,False,True,0.027123889,elliptical,1
513106,5152273400.0,True,False,False,0.014506996,spiral,1
513845,56311628000.0,True,True,True,0.026706805,spiral,1
514272,25671758000.0,True,False,True,0.026582304,spiral,1
514274,2717425000.0,True,False,True,0.01936325,elliptical,1
514829,52877400000.0,True,False,True,0.025738219,spiral,1
515296,47961727000.0,False,False,True,0.026975289,spiral,1
515695,69953550000.0,True,False,True,0.027561316,spiral,1
516101,33050135000.0,False,False,True,0.026194213,elliptical,1
516102,4447032000.0,True,False,True,0.019997155,elliptical,1
517271,43051254000.0,True,False,True,0.025527777,spiral,1
517899,73440960000.0,False,False,True,0.027490456,spiral,1
518120,14075559000.0,True,False,True,0.02523083,spiral,1
518121,6889204700.0,True,False,True,0.022172507,spiral,1
518122,12855054000.0,True,False,True,0.021583488,spiral,1
518682,36319216000.0,True,False,False,0.02162306,spiral,1
519311,62557446000.0,True,False,True,0.024601877,spiral,1
519720,13079058000.0,True,False,False,0.018380523,spiral,1
519721,12383777000.0,True,False,False,0.019878335,irregular,1
519722,7264014000.0,True,False,True,0.019090286,spiral,1
520310,17799360000.0,True,False,True,0.022069827,spiral,1
520311,7101557000.0,True,False,False,0.015986808,spiral,1
520312,4133853700.0,True,False,True,0.021019395,elliptical,1
520313,2457271000.0,True,False,False,0.014552193,spiral,1
520885,36190750000.0,True,False,True,0.024635421,spiral,1
521429,32164580000.0,True,True,True,0.020313773,irregular,1
521430,8854772000.0,True,True,False,0.020528406,irregular,1
521803,29570423000.0,True,True,True,0.024542898,spiral,1
521804,5045215000.0,True,False,True,0.02138748,irregular,1
522530,46817632000.0,True,False,True,0.025138998,spiral,1
522983,42102977000.0,True,False,True,0.02166417,spiral,1
523548,50525164000.0,True,False,True,0.024597578,spiral,1
523889,36899594000.0,True,False,True,0.02515533,spiral,1
523890,4018523400.0,True,False,False,0.014427588,spiral,1
524507,7219795500.0,True,False,False,0.013885449,spiral,0
525002,29407046000.0,True,True,True,0.027574824,irregular,1
525533,26956208000.0,True,False,True,0.023344321,irregular,1
525534,6014832000.0,True,False,False,0.013698807,spiral,0
526029,23555703000.0,True,False,True,0.021074567,spiral,1
526478,31726172000.0,True,False,True,0.021356469,spiral,1
526879,20454450000.0,False,False,True,0.028410329,elliptical,1
526880,8260385000.0,True,False,False,0.016064985,spiral,1
527309,23803193000.0,True,False,False,0.020307928,spiral,1
527310,14427110000.0,True,False,False,0.018100975,spiral,1
527839,22491296000.0,True,False,True,0.02066116,spiral,1
528322,29268728000.0,True,True,True,0.025929563,elliptical,1
528323,6467416000.0,True,False,True,0.018037507,spiral,1
528836,31307130000.0,True,False,False,0.02225068,spiral,1
528837,7880123000.0,True,False,False,0.017634673,spiral,1
529365,44432486000.0,False,False,True,0.03024177,spiral,1
529855,16387824000.0,True,False,True,0.025667958,spiral,1
529856,8482603000.0,True,False,True,0.018638818,spiral,1
530330,41331155000.0,False,False,True,0.023941023,spiral,1
530852,36275143000.0,True,False,True,0.023278987,spiral,1
531910,36669383000.0,True,False,True,0.026301384,spiral,1
532301,35267478000.0,True,False,True,0.026218023,spiral,1
532760,42727318000.0,True,False,False,0.023390692,spiral,1
533060,19619095000.0,True,False,True,0.021259347,spiral,1
533590,15633551000.0,True,False,False,0.019281732,spiral,1
533591,15675888000.0,True,False,False,0.016473228,spiral,1
533998,8740140000.0,True,False,False,0.014118857,spiral,1
533999,10724360000.0,True,False,False,0.017662574,spiral,1
534628,40862913000.0,True,False,True,0.026438054,elliptical,1
535050,28992506000.0,True,False,True,0.020673174,spiral,1
535051,4538112500.0,True,False,True,0.019673673,spiral,1
535410,43105760000.0,True,False,True,0.024014074,spiral,1
535774,34835493000.0,True,False,True,0.02150518,spiral,1
536146,22804967000.0,True,False,True,0.020497773,spiral,1
536147,5015032300.0,True,False,False,0.012046803,spiral,0
537236,41026236000.0,True,False,False,0.021512104,spiral,1
537488,29775450000.0,True,False,True,0.024502972,spiral,1
537941,35445985000.0,True,False,False,0.021086348,spiral,1
538370,22975945000.0,True,False,False,0.019110586,irregular,1
538905,35727454000.0,True,False,True,0.02295079,spiral,1
539333,37902060000.0,True,True,True,0.02725291,spiral,1
539667,23762536000.0,True,False,True,0.022779888,spiral,1
540082,35056220000.0,False,False,True,0.025892818,elliptical,1
540452,28010689000.0,True,False,False,0.019111482,spiral,1
540920,33237537000.0,False,False,True,0.025496792,spiral,1
541218,32353030000.0,False,False,True,0.025557276,spiral,1
541497,32320115000.0,True,False,True,0.023199067,spiral,1
541847,27297010000.0,False,False,True,0.027628582,elliptical,1
542252,28850223000.0,True,False,False,0.02074679,spiral,1
542662,22320077000.0,True,False,True,0.022845743,spiral,1
542663,2377327600.0,True,False,False,0.0146766035,spiral,1
543114,44371386000.0,False,False,True,0.029024845,elliptical,1
543376,41620656000.0,True,False,True,0.023491468,spiral,1
543729,33396830000.0,True,False,False,0.019662645,spiral,1
544001,27611441000.0,True,False,True,0.02485819,spiral,1
544408,27875928000.0,True,False,True,0.022111956,irregular,1
544697,24898724000.0,True,False,True,0.022226714,spiral,1
545003,12729642000.0,False,False,True,0.023304032,elliptical,1
545004,7062241300.0,True,False,False,0.014460047,spiral,1
545437,29449478000.0,True,False,True,0.022116933,spiral,1
546114,30758064000.0,False,False,True,0.029050708,elliptical,1
546474,32177609000.0,True,False,True,0.026115166,spiral,1
546870,28783104000.0,False,False,True,0.02828316,elliptical,1
547293,36754907000.0,True,False,True,0.024737898,spiral,1
547545,18542030000.0,False,False,True,0.026545366,elliptical,1
547546,9517480000.0,True,False,False,0.013570955,spiral,0
547844,34555064000.0,True,False,True,0.02587988,spiral,1
548152,5143751700.0,True,False,False,0.017447738,spiral,1
548418,17573159000.0,True,False,True,0.02160609,spiral,1
548790,22690458000.0,True,False,False,0.017594546,spiral,1
549090,14117821000.0,True,False,True,0.0271885,elliptical,1
549091,6739896300.0,True,False,False,0.019794751,elliptical,1
549516,27978230000.0,True,False,False,0.018990789,spiral,1
549746,19800445000.0,True,False,False,0.018359194,spiral,1
550149,32269535000.0,True,False,True,0.023578139,spiral,1
550475,24171244000.0,False,False,True,0.02626895,elliptical,1
550934,24032290000.0,True,False,True,0.022176253,spiral,1
551190,17839570000.0,True,True,True,0.024419503,elliptical,1
551541,10122629000.0,True,False,True,0.022601973,spiral,1
551542,4393131500.0,True,False,False,0.015894396,spiral,1
551973,14694442000.0,True,False,False,0.016803883,spiral,1
552414,39376190000.0,True,False,True,0.022377558,spiral,1
552581,30945858000.0,True,False,True,0.024552105,spiral,1
552879,21878114000.0,True,False,False,0.019377287,spiral,1
553230,13112026000.0,True,False,False,0.017007595,irregular,1
553231,8904209000.0,True,False,False,0.015667684,spiral,1
553489,16388286000.0,True,False,True,0.020823995,irregular,1
553837,24764709000.0,True,False,True,0.022296749,spiral,1
554523,23042146000.0,True,False,False,0.019369282,spiral,1
554798,36168385000.0,True,False,True,0.026837751,spiral,1
555013,23404940000.0,True,False,True,0.024454447,spiral,1
555287,25885272000.0,True,False,False,0.01966163,spiral,1
555601,30150013000.0,True,False,False,0.019856034,spiral,1
556304,8080310000.0,True,False,False,0.018062986,elliptical,1
556305,6645881300.0,True,False,False,0.016276395,spiral,1
557076,13820562000.0,True,False,False,0.018362872,spiral,1
557077,5778016000.0,True,False,True,0.02176211,spiral,1
557396,19888656000.0,True,False,False,0.017395068,spiral,1
557721,27888505000.0,False,False,True,0.022843104,spiral,1
558067,13769351000.0,True,True,False,0.019958956,irregular,1
558068,4692260000.0,True,False,True,0.019630926,elliptical,1
558410,17426076000.0,True,False,True,0.021171955,spiral,1
558731,20341690000.0,True,False,True,0.023554605,spiral,1
559036,22736513000.0,True,False,False,0.020117518,spiral,1
559386,28971772000.0,True,False,True,0.025492514,spiral,1
559711,7173758000.0,True,False,True,0.021551643,spiral,1
559712,4765597000.0,True,False,False,0.015406211,spiral,1
560082,19217005000.0,True,False,True,0.021835951,spiral,1
560421,21329338000.0,True,False,True,0.024104126,spiral,1
560751,28120857000.0,True,False,True,0.023843145,spiral,1
561001,18327865000.0,True,False,False,0.019024534,spiral,1
561325,17541915000.0,True,False,False,0.015886039,spiral,1
561676,24781283000.0,True,True,True,0.023396067,spiral,1
562029,21369790000.0,True,False,True,0.025764456,spiral,1
562338,3434019000.0,True,False,False,0.00973985,spiral,0
562339,4350575000.0,True,False,True,0.018330473,spiral,1
562340,2266476300.0,True,False,False,0.013053436,spiral,0
562742,11624830000.0,True,False,False,0.01383473,irregular,0
563050,6687953000.0,True,False,True,0.018433828,irregular,1
563051,4500318000.0,True,False,True,0.02085821,spiral,1
563471,11186836000.0,True,False,True,0.018645832,spiral,1
563732,24842520000.0,False,False,True,0.02172923,spiral,1
563943,19037379000.0,True,False,True,0.021354297,spiral,1
564268,18412274000.0,True,True,True,0.025290078,spiral,1
564825,10461605000.0,True,False,False,0.015794113,irregular,1
565089,26778198000.0,True,False,True,0.020386904,spiral,1
565251,24074203000.0,True,False,True,0.022373727,spiral,1
565537,5754335700.0,True,True,True,0.015991794,irregular,1
565947,14056243000.0,True,False,True,0.02047414,spiral,1
566365,21995289000.0,True,False,True,0.023360701,spiral,1
566661,14825440000.0,True,False,False,0.015235955,spiral,1
567004,16152344000.0,True,False,True,0.019656561,spiral,1
567382,23766590000.0,True,False,False,0.02065659,spiral,1
567607,20590369000.0,True,False,True,0.022614865,spiral,1
567897,14276722000.0,True,True,True,0.018787723,spiral,1
568303,6732935000.0,True,False,False,0.01650956,spiral,1
568304,3565188400.0,True,False,False,0.011600777,irregular,0
568646,17020674000.0,True,False,True,0.02747534,irregular,1
568923,21739210000.0,False,False,True,0.020298457,spiral,1
569251,27120919000.0,True,False,False,0.020947618,spiral,1
569452,19730522000.0,True,False,False,0.016495222,spiral,1
569653,18395953000.0,True,False,False,0.017049992,spiral,1
569877,11952016000.0,True,False,True,0.019322842,spiral,1
570319,18293592000.0,True,False,False,0.018192995,spiral,1
570598,13068091000.0,True,False,True,0.022326497,spiral,1
570841,17295740000.0,True,False,True,0.023175707,spiral,1
571072,10926009000.0,True,False,True,0.020760702,spiral,1
571454,29615466000.0,False,False,True,0.0256138,spiral,1
571633,27156867000.0,True,False,True,0.024430202,spiral,1
571908,16991837000.0,True,False,True,0.02082164,spiral,1
572121,16277854000.0,True,False,False,0.01581504,spiral,1
572328,29397283000.0,False,False,True,0.026328092,elliptical,1
572457,6101820400.0,True,False,False,0.012298918,spiral,0
572458,4730213000.0,True,False,True,0.018556796,elliptical,1
572840,23015623000.0,True,False,True,0.02531483,spiral,1
573062,16994578000.0,True,True,True,0.02418573,spiral,1
573413,12524974000.0,True,False,False,0.014535864,spiral,1
573738,11429073000.0,True,False,False,0.014379389,irregular,1
574037,21676930000.0,False,False,True,0.031518646,elliptical,1
574038,2785048600.0,True,False,True,0.017733794,spiral,1
574286,14796572000.0,True,False,True,0.020137692,spiral,1
574615,17395343000.0,True,False,False,0.020340025,spiral,1
574883,6695875600.0,True,False,True,0.019214282,elliptical,1
574884,3833178400.0,True,False,True,0.019335244,spiral,1
575190,17432599000.0,True,False,False,0.015640754,spiral,1
575356,23579312000.0,False,False,True,0.026076805,elliptical,1
575596,16999181000.0,True,False,False,0.01876108,spiral,1
575863,15460638000.0,True,False,True,0.020342445,spiral,1
576062,16954954000.0,True,False,False,0.017802084,spiral,1
576254,16140903000.0,True,False,True,0.02100653,spiral,1
576705,11534137000.0,False,False,True,0.026084708,elliptical,1
577125,13776341000.0,True,False,False,0.01669456,spiral,1
577372,21921522000.0,True,False,True,0.02192859,spiral,1
577576,19734735000.0,True,False,False,0.018682651,spiral,1
577719,16960140000.0,True,False,True,0.021006374,spiral,1
577924,10699318000.0,True,False,False,0.017035421,spiral,1
578294,18679190000.0,True,False,False,0.019515047,spiral,1
578541,10931014000.0,True,False,False,0.017053226,spiral,1
578834,11119021000.0,True,False,False,0.015044329,spiral,1
579232,14016177000.0,True,False,False,0.017386053,spiral,1
579509,12472423000.0,True,True,True,0.01994625,spiral,1
579759,14837223000.0,True,False,False,0.017332789,spiral,1
580035,20569661000.0,True,False,False,0.020750856,spiral,1
580250,22686755000.0,True,False,True,0.022119774,spiral,1
580406,22743680000.0,True,False,True,0.026635662,spiral,1
580641,18562216000.0,True,False,False,0.017231498,spiral,1
580907,15695615000.0,True,False,False,0.021308448,spiral,1
581058,15128834000.0,True,True,True,0.02265859,spiral,1
581308,8034451000.0,True,False,False,0.013904415,spiral,0
581656,17609939000.0,True,False,False,0.017179286,spiral,1
581912,14510323000.0,True,True,True,0.020249225,spiral,1
582137,13968562000.0,True,True,True,0.0230277,spiral,1
582344,11787715000.0,True,False,False,0.015310892,spiral,1
582612,12577200000.0,True,False,False,0.015514005,spiral,1
582809,15392557000.0,True,False,True,0.026899036,elliptical,1
583027,19452652000.0,True,False,False,0.01994166,spiral,1
583256,9258741000.0,True,False,True,0.020308949,spiral,1
583257,8603625000.0,False,False,True,0.023367427,elliptical,1
583451,3975845600.0,True,False,False,0.012092143,spiral,0
583452,2195021600.0,True,False,True,0.017101651,spiral,1
583745,15845010000.0,True,False,False,0.016861886,spiral,1
584007,11231974000.0,True,False,True,0.023703571,spiral,1
584286,15183971000.0,True,False,True,0.021232339,spiral,1
584511,13613991000.0,True,False,False,0.01600014,spiral,1
584724,14112105000.0,True,False,True,0.025501793,irregular,1
584875,10826765000.0,True,False,True,0.021094212,elliptical,1
585079,6228585500.0,True,False,False,0.016080452,spiral,1
585080,5394852400.0,True,False,False,0.01536948,irregular,1
585282,13681829000.0,True,False,True,0.019893704,spiral,1
585517,9502035000.0,True,False,True,0.02675502,spiral,1
585839,15555088000.0,True,False,False,0.01888702,spiral,1
586066,15202306000.0,True,False,True,0.02069161,spiral,1
586169,16957237000.0,True,True,True,0.02780243,elliptical,1
586420,9182650000.0,True,False,False,0.016278269,irregular,1
586670,15145636000.0,True,False,False,0.014799294,spiral,1
586837,7838201300.0,True,False,True,0.018329356,spiral,1
587019,13860194000.0,True,True,True,0.023696331,elliptical,1
587256,8004251600.0,True,False,True,0.022689182,spiral,1
587500,7879504000.0,True,False,True,0.022614377,spiral,1
587819,15659647000.0,True,False,False,0.017728047,spiral,1
588004,20688435000.0,True,False,True,0.023482405,spiral,1
588178,19658502000.0,True,False,True,0.024821842,elliptical,1
588399,15584378000.0,False,False,True,0.026899187,elliptical,1
588647,13267013000.0,True,False,False,0.016170722,spiral,1
588831,23363867000.0,False,False,True,0.027902631,elliptical,1
588986,7134054000.0,True,False,True,0.02335613,spiral,1
589320,18197311000.0,True,False,True,0.02512161,spiral,1
589496,16853299000.0,True,False,True,0.022213755,spiral,1
589655,17124598000.0,True,False,True,0.02306238,spiral,1
589873,17174537000.0,True,False,False,0.019268792,spiral,1
590012,3031904000.0,True,False,False,0.011256848,spiral,0
590013,2519028200.0,True,False,False,0.014166976,spiral,1
590218,17287903000.0,True,False,False,0.020042367,spiral,1
590385,12360133000.0,True,True,True,0.025830928,irregular,1
590569,12147809000.0,True,False,True,0.020994393,spiral,1
590792,18949224000.0,True,False,False,0.019998614,spiral,1
590926,11529395000.0,True,True,True,0.025728717,spiral,1
591210,13010854000.0,True,False,True,0.020464953,spiral,1
591469,17471873000.0,True,False,False,0.019116577,spiral,1
591641,15925349000.0,True,False,False,0.018757567,spiral,1
592021,13636496000.0,False,False,True,0.02769022,elliptical,1
592282,15841308000.0,True,False,True,0.01983903,spiral,1
592437,17069650000.0,True,False,True,0.021616708,spiral,1
592662,12481844000.0,True,True,False,0.018426714,spiral,1
592840,15605320000.0,True,False,True,0.02405367,spiral,1
592984,6881069600.0,True,False,False,0.018564392,irregular,1
593259,13585650000.0,True,False,True,0.021281587,spiral,1
593694,17514890000.0,False,False,True,0.025847128,elliptical,1
593904,9795206000.0,True,False,False,0.018933123,spiral,1
594098,14293535000.0,True,True,True,0.018925875,spiral,1
594246,4324399000.0,True,False,False,0.01620162,spiral,1
594556,9864554000.0,True,False,False,0.018043209,spiral,1
594731,9911750000.0,True,False,True,0.020144464,spiral,1
594887,11360097000.0,True,False,False,0.01889777,spiral,1
595100,14054115000.0,True,False,True,0.025333412,spiral,1
595246,15443454000.0,True,False,True,0.02069503,spiral,1
595442,8704020000.0,True,False,False,0.015514527,spiral,1
595661,7838744000.0,True,False,False,0.011412554,spiral,0
595887,13967948000.0,True,False,True,0.02100432,spiral,1
595994,5260607000.0,True,False,True,0.024358151,spiral,1
596244,13849436000.0,True,False,True,0.020860761,spiral,1
596400,4502886400.0,True,False,False,0.013196368,spiral,0
596401,2488482600.0,True,False,True,0.016954511,spiral,1
596660,11453923000.0,True,False,True,0.022890182,spiral,1
596866,19364819000.0,True,False,False,0.021212764,spiral,1
596986,10589663000.0,True,False,False,0.015889091,spiral,1
597141,9084787000.0,True,False,False,0.014166607,spiral,1
597311,6263235000.0,True,False,False,0.011821019,spiral,0
597530,9430397000.0,True,False,False,0.014784535,spiral,1
597792,16397735000.0,True,False,True,0.024159253,elliptical,1
597934,9921239000.0,True,True,True,0.0232907,spiral,1
598112,13935176000.0,True,False,True,0.025923515,spiral,1
598320,9634139000.0,True,False,False,0.016917523,spiral,1
598539,12990284000.0,True,False,True,0.026722495,irregular,1
598696,13256711000.0,True,False,False,0.018137673,spiral,1
598840,10601370000.0,True,False,False,0.018536456,spiral,1
598988,8852239000.0,True,False,False,0.016799884,spiral,1
599465,7788926000.0,True,False,False,0.013272103,spiral,0
599651,4220516900.0,True,False,False,0.012337599,spiral,0
599652,3191721500.0,True,False,False,0.013595346,spiral,0
599865,9486981000.0,True,False,True,0.022789558,spiral,1
600096,8390530600.0,True,False,False,0.014191336,spiral,1
600363,8850702000.0,True,False,True,0.01909103,spiral,1
600555,14242076000.0,True,False,False,0.018286651,spiral,1
600743,6508780500.0,True,True,False,0.011946576,irregular,0
600946,10986227000.0,True,False,True,0.020442612,spiral,1
601123,10862355000.0,True,False,True,0.020561159,spiral,1
601194,4051337000.0,True,False,True,0.016979864,spiral,1
601522,8931352000.0,True,False,True,0.022453753,irregular,1
601693,8980780000.0,True,False,True,0.019203441,irregular,1
601861,11495789000.0,True,False,True,0.020526642,irregular,1
601997,9979844000.0,True,False,False,0.015385935,spiral,1
602130,3702020900.0,True,False,False,0.012203967,irregular,0
602330,7611358700.0,True,False,True,0.018825587,spiral,1
602509,12957543000.0,True,False,True,0.01914886,spiral,1
602653,15373441000.0,True,False,False,0.018218994,spiral,1
602820,7252595000.0,True,False,False,0.012887557,spiral,0
603004,5621338600.0,True,False,True,0.016499922,irregular,1
603185,18206458000.0,True,False,True,0.023807786,spiral,1
603281,4527767600.0,True,False,False,0.011384863,spiral,0
603554,5889091000.0,True,False,False,0.0137069225,spiral,0
603826,4467458600.0,True,False,False,0.013357678,spiral,0
604066,14631475000.0,False,False,True,0.028344246,elliptical,1
604241,10206881000.0,True,False,False,0.015623955,spiral,1
604371,11892531000.0,True,False,False,0.01779622,spiral,1
604516,10704242000.0,True,False,True,0.020487742,spiral,1
604667,12473239000.0,True,False,True,0.022600735,spiral,1
604855,4162642700.0,True,False,False,0.014379545,spiral,1
605054,11116637000.0,True,False,True,0.023350868,spiral,1
605279,5920232400.0,True,False,False,0.01358891,spiral,0
605708,15305134000.0,True,False,False,0.01934329,spiral,1
605844,11239159000.0,True,False,True,0.02191939,spiral,1
606038,6758127600.0,True,False,True,0.020063946,spiral,1
606405,11830740000.0,True,False,False,0.018828612,spiral,1
606541,4210685200.0,True,False,False,0.015028338,spiral,1
606820,10572493000.0,True,False,False,0.016953157,spiral,1
606907,10778808000.0,True,False,True,0.02282495,spiral,1
607117,4258200800.0,True,True,False,0.0124825835,spiral,0
607310,8903321000.0,True,False,False,0.016319217,spiral,1
607530,13261977000.0,True,False,False,0.017522242,spiral,1
607712,13196839000.0,True,False,False,0.018932568,spiral,1
607863,2214050600.0,True,False,False,0.012022947,spiral,0
607864,2162420200.0,True,False,False,0.015244964,irregular,1
608061,8226692600.0,True,False,False,0.015126976,spiral,1
608228,5537459700.0,True,False,False,0.01756639,spiral,1
608386,15557031000.0,True,True,True,0.02362889,spiral,1
608745,11924621000.0,True,False,True,0.021355698,spiral,1
608903,13041720000.0,True,False,True,0.02170241,spiral,1
609001,11241251000.0,True,False,False,0.017787157,spiral,1
609152,2723387400.0,True,False,False,0.014520812,spiral,1
609153,3641596400.0,False,False,True,0.020393616,elliptical,1
609461,2853718500.0,True,False,False,0.013606951,spiral,0
609462,2562934500.0,True,False,False,0.014190042,spiral,1
609710,10431192000.0,True,False,True,0.024294162,spiral,1
609891,11396513000.0,True,False,True,0.023867428,spiral,1
610017,11100175000.0,True,False,False,0.020447265,spiral,1
610018,2223173400.0,True,False,True,0.023904158,elliptical,1
610157,6692398000.0,True,False,False,0.017594067,spiral,1
610361,11144667000.0,True,False,False,0.015935535,spiral,1
610668,5468742700.0,True,False,False,0.016688978,spiral,1
610819,10808182000.0,True,False,True,0.022458104,spiral,1
610988,8799929000.0,True,False,False,0.015987897,spiral,1
611152,8302477000.0,True,True,True,0.019628221,spiral,1
611385,11139346000.0,True,False,False,0.016032215,spiral,1
611524,3354541600.0,True,False,False,0.011186248,irregular,0
611780,9268492000.0,True,False,True,0.020046942,spiral,1
611958,3184339700.0,True,False,False,0.012365578,spiral,0
612241,11098907000.0,True,False,True,0.019474734,spiral,1
612388,2454669800.0,True,False,False,0.011999334,spiral,0
612699,10365018000.0,True,False,True,0.024930319,elliptical,1
612825,11248242000.0,True,False,True,0.021020047,spiral,1
613006,7025868000.0,True,False,False,0.013996502,spiral,0
613192,31571622000.0,False,False,True,0.032903705,elliptical,1
613209,6467321300.0,True,False,False,0.016449979,spiral,1
613358,4214656000.0,True,False,False,0.014204228,spiral,1
613359,3098367000.0,True,False,False,0.014834991,spiral,1
613552,2685960400.0,True,False,True,0.017955437,irregular,1
613553,3323879200.0,True,False,False,0.016766246,spiral,1
613808,7750163500.0,True,False,True,0.019789958,spiral,1
613990,6008928000.0,True,False,False,0.016626587,spiral,1
614180,9890873000.0,True,False,False,0.01812406,spiral,1
614326,8844640000.0,True,False,False,0.017266074,spiral,1
614489,13124826000.0,False,False,True,0.024818925,elliptical,1
614626,2809621000.0,True,False,False,0.01382018,irregular,0
615182,8356673000.0,True,False,False,0.01454991,spiral,1
615292,12029320000.0,True,False,False,0.019218426,spiral,1
615462,7411108000.0,True,False,False,0.01566101,spiral,1
615607,9128222000.0,True,False,True,0.021311572,spiral,1
615792,7260035000.0,True,False,False,0.0145783415,spiral,1
615903,10281447000.0,True,False,False,0.01840606,spiral,1
616014,4945795600.0,True,False,False,0.017502096,spiral,1
616200,9402861000.0,True,False,True,0.019494936,spiral,1
616387,5984179000.0,True,False,False,0.014693811,spiral,1
616526,11363439000.0,True,False,False,0.017051402,spiral,1
616825,5000575000.0,True,False,False,0.012514172,spiral,0
617027,6798533600.0,True,False,False,0.016998386,spiral,1
617149,7722356700.0,True,False,False,0.014096063,spiral,1
617324,6901287000.0,True,False,False,0.015574356,spiral,1
617559,7097378000.0,True,False,False,0.014605421,spiral,1
617719,10476983000.0,True,False,True,0.022918383,elliptical,1
618120,8500152000.0,True,False,False,0.016563552,spiral,1
618318,6290673700.0,True,False,False,0.015731134,spiral,1
618580,5019977000.0,True,False,False,0.012248225,spiral,0
618707,6013630500.0,True,False,True,0.021357123,irregular,1
618950,12524019000.0,False,False,True,0.025838923,elliptical,1
619081,7733696000.0,True,False,False,0.015598381,spiral,1
619223,8121715000.0,True,False,False,0.015963156,spiral,1
619381,8770942000.0,True,False,False,0.017427547,spiral,1
619504,2426482700.0,True,False,False,0.011815663,spiral,0
619657,6992392700.0,True,False,True,0.023958921,irregular,1
619801,5124491300.0,True,False,True,0.017480304,spiral,1
620015,6095060000.0,True,False,False,0.013542995,spiral,0
620172,2906369500.0,True,False,False,0.010613489,irregular,0
620348,7414295000.0,True,False,True,0.018727476,spiral,1
620463,9036528000.0,True,False,False,0.016375946,spiral,1
620627,2539558000.0,True,False,False,0.013506128,irregular,0
620832,7442140000.0,True,False,False,0.018021395,spiral,1
621043,8363111000.0,True,False,False,0.01799754,spiral,1
621167,10988971000.0,True,False,False,0.019170774,spiral,1
621255,9126502000.0,True,False,True,0.024100164,spiral,1
621372,9839583000.0,True,False,False,0.016535783,spiral,1
621409,5439661600.0,True,False,False,0.012020269,spiral,0
621560,5273825300.0,True,False,False,0.012048119,spiral,0
621707,7649173000.0,True,False,False,0.018136263,spiral,1
621855,7420639700.0,True,False,False,0.01375881,spiral,0
622155,5892079600.0,True,False,False,0.014182054,spiral,1
622298,7197146600.0,True,False,True,0.023549147,spiral,1
622437,9207503000.0,True,False,True,0.021970706,spiral,1
622569,3917317000.0,True,False,True,0.017839191,spiral,1
622751,6193422000.0,True,False,False,0.018677084,spiral,1
622877,6040392700.0,True,False,True,0.017981252,spiral,1
623042,8598661000.0,True,False,False,0.01789545,spiral,1
623122,7980038700.0,True,False,False,0.01659636,spiral,1
623206,6771329000.0,True,False,True,0.021919582,spiral,1
623367,12356120000.0,False,False,True,0.02748427,elliptical,1
623456,6581895000.0,True,False,True,0.01805122,spiral,1
623575,7930975700.0,True,False,False,0.014872005,spiral,1
623745,6453544400.0,True,False,True,0.018893288,spiral,1
623877,11288729000.0,True,False,True,0.023929143,spiral,1
623946,6180703700.0,True,False,False,0.015047659,spiral,1
624252,5254199000.0,True,False,False,0.013871698,spiral,0
624429,3244870400.0,True,False,False,0.010448886,spiral,0
624610,3504558800.0,True,False,True,0.017532146,spiral,1
624756,5542308000.0,True,False,False,0.014014556,spiral,1
624873,6467202600.0,True,False,False,0.017665122,spiral,1
625041,7547822600.0,True,False,True,0.019886997,spiral,1
625185,6866289000.0,True,False,False,0.01346381,spiral,0
625281,8720003000.0,True,False,True,0.019039756,spiral,1
625423,10950433000.0,True,False,False,0.019547228,spiral,1
625715,9639532000.0,True,False,False,0.018163294,spiral,1
625800,9172589000.0,True,False,True,0.027147217,spiral,1
625925,7534457300.0,True,False,True,0.019840717,elliptical,1
626052,5431065600.0,True,False,False,0.013371651,spiral,0
626198,8907732000.0,True,False,False,0.017497906,spiral,1
626287,5609468400.0,True,False,False,0.014744892,spiral,1
626408,6427346000.0,True,False,False,0.015882365,spiral,1
626583,6156049000.0,True,False,False,0.013810399,spiral,0
626697,9965511000.0,True,False,False,0.018002048,spiral,1
626772,6452896000.0,True,False,False,0.016142726,spiral,1
626864,6684941000.0,True,False,True,0.018586667,spiral,1
626955,2782802000.0,True,False,False,0.012923519,spiral,0
627128,2236256300.0,True,False,False,0.01412622,spiral,1
627350,5350182000.0,True,False,False,0.011456615,spiral,0
627459,8685732000.0,True,False,False,0.016785366,spiral,1
627572,8011593000.0,True,False,False,0.017001541,spiral,1
627888,3219075800.0,True,False,False,0.011193904,spiral,0
628031,6173893000.0,True,False,True,0.017922804,spiral,1
628220,4853587000.0,True,False,True,0.021329938,spiral,1
628378,3391649000.0,True,False,False,0.011230571,spiral,0
628555,6848618500.0,True,False,True,0.021149041,spiral,1
628717,5729211400.0,True,False,False,0.014600353,spiral,1
628815,2470591000.0,True,False,True,0.018459432,spiral,1
628949,9169013000.0,True,False,False,0.01866314,spiral,1
629266,6946632000.0,True,False,False,0.014701733,spiral,1
629409,11214329000.0,True,False,True,0.021785438,spiral,1
629523,2864409600.0,True,False,False,0.014019363,spiral,1
629762,4239805400.0,True,False,False,0.011647059,spiral,0
629891,9560342000.0,True,False,True,0.020169914,spiral,1
630155,6772315000.0,True,False,False,0.018898513,spiral,1
630290,4368083000.0,True,False,False,0.013710309,spiral,0
630396,2254515200.0,True,False,False,0.014139416,spiral,1
630555,5014825500.0,True,False,True,0.022719095,irregular,1
630760,7939613700.0,True,False,True,0.021262588,spiral,1
630870,8531375600.0,True,False,True,0.023355894,spiral,1
630975,10679449000.0,True,False,False,0.018830637,elliptical,1
631108,5681459000.0,True,False,True,0.021030197,spiral,1
631253,7034451000.0,True,False,False,0.016313206,spiral,1
631363,2335825000.0,True,False,False,0.011883409,spiral,0
631558,8338938400.0,True,False,True,0.021969698,spiral,1
631677,8478741000.0,True,False,True,0.02112001,spiral,1
631927,3825859800.0,True,False,False,0.015286724,spiral,1
632099,2389994000.0,True,False,False,0.010140293,spiral,0
632310,7260635000.0,True,False,False,0.01792891,spiral,1
632458,3943107800.0,True,False,False,0.012675573,spiral,0
632626,2587914500.0,True,False,False,0.012361857,spiral,0
632978,5764799500.0,True,False,False,0.012545806,spiral,0
633322,7589470000.0,True,False,False,0.015442514,spiral,1
633437,8455510000.0,True,False,True,0.022936711,spiral,1
633516,3648627700.0,True,False,False,0.011408004,spiral,0
633614,6946985500.0,True,False,False,0.016098224,spiral,1
633726,3912915000.0,True,False,False,0.010979375,spiral,0
633843,2897269800.0,True,False,False,0.012532084,spiral,0
633963,7176448000.0,True,False,True,0.018633403,spiral,1
634046,6690164700.0,True,False,False,0.014724744,elliptical,1
634142,4194655500.0,True,False,False,0.016256558,spiral,1
634283,4748542500.0,True,False,False,0.012693318,spiral,0
634435,2698205700.0,True,False,True,0.018322134,irregular,1
634631,9451191000.0,True,False,True,0.020065354,spiral,1
634707,8218322000.0,True,False,False,0.01746885,spiral,1
634801,3681788700.0,True,False,False,0.015653444,spiral,1
634967,5178487000.0,True,False,False,0.015608736,spiral,1
635113,3981407000.0,True,False,True,0.021282943,irregular,1
635267,4243794700.0,True,False,True,0.0205554,spiral,1
635467,3883523000.0,True,False,False,0.01277602,spiral,0
635613,4116941300.0,True,False,False,0.016003095,spiral,1
635614,2632537900.0,True,False,False,0.01563113,spiral,1
635674,4435699700.0,True,False,False,0.011612249,spiral,0
635817,6218889700.0,True,False,False,0.013822787,spiral,0
635905,6910598700.0,True,False,False,0.014861234,spiral,1
635998,2376407800.0,True,False,False,0.012315948,spiral,0
636201,7119664600.0,True,False,True,0.023106806,spiral,1
636313,4827567000.0,True,False,False,0.01692447,spiral,1
636468,3467446800.0,True,False,False,0.015221728,spiral,1
636640,10384264000.0,True,False,False,0.017607145,spiral,1
636729,6937815000.0,True,False,False,0.018689994,spiral,1
636848,7117152000.0,True,False,True,0.021376727,spiral,1
637199,4705427500.0,True,False,True,0.020890156,spiral,1
637631,7079061500.0,True,False,True,0.018494012,spiral,1
637695,5543323600.0,True,False,False,0.0142078325,spiral,1
637971,7226673000.0,True,False,False,0.016450757,spiral,1
638088,5328649000.0,True,False,False,0.01724236,spiral,1
638213,5744907000.0,True,False,True,0.02141307,spiral,1
638374,4234087700.0,True,False,False,0.014493835,spiral,1
638489,4658028000.0,True,False,False,0.01311323,spiral,0
638642,5145484300.0,True,False,False,0.01473058,spiral,1
638742,4763294000.0,True,False,False,0.016555106,spiral,1
638847,5535729000.0,True,False,True,0.020101318,spiral,1
638950,5591689700.0,True,False,False,0.013240351,spiral,0
639076,3526304800.0,True,False,False,0.011728049,spiral,0
639157,3073422600.0,True,False,False,0.013268446,spiral,0
639294,4092066000.0,True,False,False,0.014193729,spiral,1
639432,8252479000.0,True,False,False,0.015965734,spiral,1
639628,2774698200.0,True,False,False,0.0137207,spiral,0
639804,6743660000.0,True,False,False,0.017729517,spiral,1
639892,7741774300.0,True,False,True,0.025096986,irregular,1
639991,4642115000.0,True,False,False,0.015831186,spiral,1
640109,3970917000.0,True,False,False,0.01140669,spiral,0
640208,4544189000.0,True,False,False,0.01183632,spiral,0
640331,6481640000.0,True,False,False,0.016303265,spiral,1
640403,6205124600.0,True,False,False,0.01609821,spiral,1
640495,3753404700.0,True,False,False,0.0117025105,spiral,0
640640,2453068000.0,True,False,True,0.017255392,irregular,1
640976,2571017500.0,True,False,True,0.018147213,spiral,1
641149,6115622400.0,True,False,True,0.019012712,spiral,1
641249,4556778000.0,True,False,True,0.020048207,irregular,1
641507,4028583700.0,True,False,False,0.01308726,spiral,0
641601,2845395200.0,True,False,False,0.013409884,spiral,0
641754,3515041800.0,True,False,False,0.013372665,spiral,0
641885,4331839000.0,True,False,True,0.020170383,spiral,1
641964,6456555500.0,True,False,False,0.01631622,spiral,1
642056,3663738000.0,True,False,True,0.022271832,irregular,1
642220,7215165000.0,True,False,True,0.01889496,spiral,1
642303,7711901700.0,True,False,False,0.015592582,spiral,1
642396,2602744300.0,True,False,False,0.013025318,spiral,0
642542,5308126700.0,True,False,True,0.021867037,irregular,1
642671,10656798000.0,False,False,True,0.026436422,irregular,1
642892,2689916700.0,True,False,False,0.010737429,spiral,0
642985,2181994500.0,True,False,False,0.009640439,spiral,0
643138,6502409000.0,True,False,True,0.022572547,spiral,1
643257,2790217500.0,True,False,False,0.012041825,spiral,0
643554,2721744000.0,True,False,False,0.013826307,spiral,0
643642,6845441000.0,True,False,False,0.017176496,spiral,1
643728,4466709000.0,True,False,False,0.016693417,spiral,1
643853,3377042200.0,True,False,False,0.014362911,spiral,1
643919,3116995600.0,True,False,False,0.010894219,spiral,0
644044,3056215300.0,True,False,True,0.016799144,spiral,1
644345,6607390000.0,True,False,True,0.018570786,spiral,1
644435,3016890600.0,True,False,False,0.010773967,spiral,0
644535,3209360100.0,True,False,False,0.013771967,spiral,0
644824,5718993000.0,True,False,False,0.01696811,spiral,1
644876,3353360400.0,True,False,False,0.0131519465,spiral,0
645012,6104253000.0,True,False,False,0.014251421,spiral,1
645098,3342130400.0,True,False,False,0.014698579,irregular,1
645295,5761987600.0,True,False,False,0.017484175,spiral,1
645391,3919239400.0,True,False,False,0.010950193,spiral,0
645517,4497834500.0,True,False,False,0.015661648,spiral,1
645740,5278755000.0,True,False,True,0.020087313,spiral,1
645833,3247788800.0,True,False,False,0.014118856,spiral,1
646411,4502730000.0,True,False,False,0.015182107,spiral,1
646515,4195987000.0,True,False,True,0.019633772,spiral,1
646637,4006627300.0,True,False,True,0.02018257,elliptical,1
646733,8577578000.0,True,False,True,0.019611627,spiral,1
646803,2686905900.0,True,False,False,0.016670942,spiral,1
646952,4487625000.0,True,False,False,0.015497014,elliptical,1
647109,4046393000.0,True,False,True,0.019380193,irregular,1
647190,8092195300.0,True,False,True,0.024007743,irregular,1
647248,6267526700.0,True,False,True,0.021605825,irregular,1
647349,5379531300.0,True,False,False,0.013900926,spiral,0
647434,3513448000.0,True,False,False,0.012874848,spiral,0
647544,4042827800.0,True,False,True,0.020296305,spiral,1
647635,5290051000.0,True,False,True,0.016768344,spiral,1
647687,3229716500.0,True,False,False,0.013648418,spiral,0
647768,3062820400.0,True,False,False,0.01337816,irregular,0
647894,3286722000.0,True,False,True,0.017852943,spiral,1
648007,3824319000.0,True,False,True,0.019749774,irregular,1
648115,5960773600.0,True,False,True,0.01887082,spiral,1
648211,3473752000.0,True,False,True,0.01839398,spiral,1
648535,5079117300.0,True,False,False,0.01548795,spiral,1
648822,5050120700.0,True,False,False,0.015401877,spiral,1
648911,3665230000.0,True,False,False,0.015440421,irregular,1
648986,2625968000.0,True,True,False,0.01419957,spiral,1
649094,4733292500.0,True,False,False,0.014994445,spiral,1
649341,6014827500.0,True,False,True,0.023060897,elliptical,1
649627,5413607000.0,True,False,True,0.021741541,irregular,1
649711,4128227800.0,True,False,False,0.014252913,spiral,1
649804,3237291800.0,True,False,True,0.017326169,spiral,1
649905,2833505500.0,True,False,False,0.013824688,spiral,0
649987,4486627300.0,True,False,False,0.017359532,spiral,1
650232,3172496600.0,True,False,False,0.015107893,spiral,1
650340,5283564500.0,True,False,True,0.01993764,spiral,1
650417,5426265600.0,True,False,False,0.016876806,spiral,1
650513,4164531200.0,True,False,False,0.0120901475,spiral,0
650623,3296677000.0,True,False,False,0.014931404,spiral,1
650703,4987435000.0,True,False,True,0.019460293,spiral,1
650791,4442772000.0,True,False,False,0.015182694,spiral,1
650946,2796017400.0,True,False,False,0.011384812,spiral,0
651064,4241915400.0,True,False,True,0.019302499,spiral,1
651166,3153270800.0,True,False,False,0.01215719,spiral,0
651325,4401562600.0,True,False,False,0.012884483,spiral,0
651369,4217437700.0,True,False,True,0.017920662,spiral,1
651449,2611867400.0,True,False,False,0.016015701,irregular,1
651648,3167748400.0,True,False,False,0.009732443,spiral,0
651726,2314947000.0,True,False,False,0.012270307,spiral,0
651841,4890825000.0,True,False,True,0.021629635,irregular,1
651953,3802068500.0,True,False,False,0.013439172,spiral,0
652044,2156009700.0,True,False,False,0.012535106,spiral,0
652157,2804079400.0,True,False,False,0.009080958,spiral,0
652267,12148385000.0,True,False,False,0.021917604,elliptical,1
652278,3268571000.0,True,False,False,0.012487384,spiral,0
652371,4125188600.0,True,False,False,0.013990905,spiral,0
652446,2516276700.0,True,False,False,0.009503597,spiral,0
652548,3824055300.0,True,False,True,0.016921358,spiral,1
652656,3906343700.0,True,False,False,0.010968697,spiral,0
652738,3485103600.0,True,False,False,0.012457294,spiral,0
653082,2895333000.0,True,False,False,0.017540846,irregular,1
653223,3313867300.0,True,False,True,0.020192161,irregular,1
653480,3758783700.0,True,False,True,0.02025697,elliptical,1
653770,4313836500.0,True,False,True,0.021872886,irregular,1
653859,2582455300.0,True,False,False,0.013975569,spiral,0
653958,2919210500.0,True,False,False,0.015718563,spiral,1
654098,3946003000.0,True,False,True,0.017290115,spiral,1
654160,2943879700.0,True,False,False,0.013314487,spiral,0
654239,5540844500.0,True,False,False,0.014565157,spiral,1
654298,4764249000.0,True,False,True,0.022210563,elliptical,1
654391,3087559700.0,True,False,True,0.018730905,spiral,1
654481,2161168600.0,True,False,True,0.018476,irregular,1
654622,4519993000.0,True,False,True,0.020354416,spiral,1
655047,2474053000.0,True,False,False,0.011250177,spiral,0
655147,3356913200.0,True,False,False,0.013934825,spiral,0
655215,4330786300.0,True,False,True,0.016622072,spiral,1
655323,4076230400.0,True,False,False,0.016092826,spiral,1
655424,2713486600.0,True,False,False,0.011522392,spiral,0
655522,4789717000.0,True,False,True,0.018050006,spiral,1
655664,4440666600.0,True,False,False,0.012667228,spiral,0
655738,5267601400.0,True,False,False,0.016150216,spiral,1
655829,2336192000.0,True,False,True,0.018274898,spiral,1
656142,4628875300.0,True,False,True,0.020854097,spiral,1
656208,2411170000.0,True,False,False,0.011567306,spiral,0
656365,4855235600.0,True,False,True,0.02019724,spiral,1
656524,5449384400.0,True,False,False,0.015276979,spiral,1
656741,4264920600.0,True,False,False,0.016459879,spiral,1
656861,2889984500.0,True,False,True,0.019604655,elliptical,1
657139,5636590000.0,True,False,False,0.017605761,irregular,1
657228,3258822100.0,True,False,False,0.013490541,spiral,0
657308,2786583600.0,True,False,False,0.013374215,spiral,0
657380,3215194400.0,True,False,False,0.011739162,spiral,0
657492,3978556400.0,True,False,False,0.012956645,irregular,0
657568,2951637500.0,True,False,False,0.012591044,spiral,0
657671,4057738500.0,True,False,False,0.01191188,spiral,0
657721,4139784000.0,True,False,False,0.013782614,spiral,0
657779,3500633600.0,True,False,False,0.012832916,spiral,0
657979,5287988000.0,True,False,False,0.017994812,elliptical,1
658057,3721439200.0,True,False,True,0.019609364,elliptical,1
658180,6236583000.0,True,False,False,0.017179132,irregular,1
658252,4788068400.0,True,False,True,0.02464286,elliptical,1
658592,5859930600.0,True,False,False,0.017126625,spiral,1
658618,4735271400.0,True,False,True,0.021186959,irregular,1
658721,2328488200.0,True,False,False,0.011793676,spiral,0
658809,3754189300.0,True,False,False,0.010442179,spiral,0
658885,4032141800.0,True,False,False,0.016541848,spiral,1
658990,4046812200.0,True,False,False,0.015106168,spiral,1
659087,3568040400.0,True,False,False,0.012220204,spiral,0
659186,3272064000.0,True,False,False,0.011966666,spiral,0
659261,3510595800.0,True,False,True,0.016632842,spiral,1
659429,2785542400.0,True,False,False,0.011312858,spiral,0
659512,4120041700.0,True,False,False,0.012313579,spiral,0
659605,3790986800.0,True,False,False,0.016462423,spiral,1
659710,2308025900.0,True,False,False,0.009164691,spiral,0
659936,2724393000.0,True,False,True,0.015699586,spiral,1
660010,2625407500.0,True,False,False,0.016697958,spiral,1
660112,3856282000.0,True,False,True,0.017696235,spiral,1
660178,2176965000.0,True,False,True,0.017124765,spiral,1
660428,2229359400.0,True,False,False,0.015229904,irregular,1
660564,2922223000.0,True,False,True,0.017399468,elliptical,1
660841,2696203300.0,True,False,False,0.014699818,spiral,1
661077,3860794600.0,True,False,False,0.011177142,spiral,0
661150,2563380200.0,True,False,False,0.01374525,spiral,0
661344,2216432600.0,True,False,False,0.0139578,spiral,0
661449,3530175500.0,True,False,False,0.011678803,spiral,0
661532,2193790500.0,True,False,False,0.010800367,irregular,0
661599,2155014700.0,True,False,False,0.014196794,spiral,1
661753,2143142300.0,True,False,False,0.0144829955,irregular,1
661934,3551727900.0,True,False,False,0.016919956,irregular,1
662101,2403957800.0,True,False,False,0.010816755,spiral,0
662197,2937040600.0,True,False,False,0.011024594,spiral,0
662307,2984891000.0,True,False,False,0.011761157,spiral,0
662515,4850219000.0,True,False,True,0.016989503,irregular,1
662591,3872574200.0,True,False,True,0.017582204,spiral,1
662714,3458793500.0,True,False,True,0.018598268,irregular,1
662813,4253908500.0,True,False,False,0.014619821,spiral,1
663172,4442115600.0,True,False,False,0.014282971,spiral,1
663231,2222236000.0,True,False,False,0.012733701,spiral,0
663308,3428945000.0,True,False,False,0.01654205,spiral,1
663512,4225483500.0,True,False,False,0.014725899,spiral,1
663564,3196756500.0,True,False,False,0.013457187,spiral,0
663647,4072955100.0,True,False,True,0.018676171,spiral,1
663744,3506781700.0,True,False,True,0.015841234,spiral,1
663812,4327236000.0,True,False,True,0.01831421,spiral,1
663875,4090135300.0,True,False,False,0.0128462715,elliptical,0
663964,2747998700.0,True,False,False,0.0099900635,spiral,0
664159,5412270000.0,True,False,True,0.022645421,elliptical,1
664263,5399672300.0,True,False,True,0.020982647,spiral,1
664314,3703331600.0,True,False,False,0.01350641,spiral,0
664387,3320766700.0,True,False,True,0.017184578,spiral,1
664498,3909142800.0,True,False,False,0.013309608,spiral,0
664572,3038577400.0,True,False,True,0.019505937,elliptical,1
664828,3986167000.0,True,False,True,0.01879803,spiral,1
664927,2508912400.0,True,False,False,0.014679731,spiral,1
665049,2185540000.0,True,False,False,0.009313019,spiral,0
665447,3990872800.0,True,False,True,0.01856213,irregular,1
665506,2951957500.0,True,False,False,0.011839697,spiral,0
665573,4065988900.0,True,False,False,0.016142834,spiral,1
665755,3573412400.0,True,False,True,0.018314674,spiral,1
665976,4295956000.0,True,False,False,0.016059242,irregular,1
666127,2314749400.0,True,False,True,0.017897442,elliptical,1
666210,4853675500.0,True,False,False,0.013365226,spiral,0
666529,2613180200.0,True,False,True,0.015963385,irregular,1
666787,2885831000.0,True,False,True,0.01972833,irregular,1
666906,4199535600.0,True,False,False,0.01547036,spiral,1
666988,2849235500.0,True,False,False,0.01407584,spiral,1
667192,3817781200.0,True,False,False,0.014985627,spiral,1
667375,2430998800.0,True,False,True,0.016462734,spiral,1
667617,4369988600.0,True,False,True,0.020343678,irregular,1
667669,2633738200.0,True,False,False,0.010912136,spiral,0
667858,2965599500.0,True,False,False,0.014933216,spiral,1
667951,3196453600.0,True,False,False,0.016179627,spiral,1
668150,3296607500.0,True,False,False,0.015642378,spiral,1
668367,2750046500.0,True,False,False,0.01167859,spiral,0
668416,2314002700.0,True,False,False,0.012297398,spiral,0
668581,3639356200.0,True,False,False,0.017806195,spiral,1
668632,4626251300.0,True,False,True,0.021399925,spiral,1
668896,4460638000.0,True,False,True,0.018714268,spiral,1
669179,2834434800.0,True,False,False,0.012448914,spiral,0
669274,4650636000.0,True,False,True,0.018441873,spiral,1
669341,3239667500.0,True,False,False,0.015743645,spiral,1
669663,2843526000.0,True,False,True,0.020341901,irregular,1
670355,2513609200.0,True,False,True,0.017021393,spiral,1
670444,4004114000.0,True,False,False,0.014760927,spiral,1
670683,4347367400.0,True,False,True,0.017378924,spiral,1
670767,2794498600.0,True,False,False,0.016971132,spiral,1
670850,2646942000.0,True,False,True,0.019610649,irregular,1
671001,2230103800.0,True,False,True,0.01750033,irregular,1
671258,2454880300.0,True,False,False,0.01319417,spiral,0
671343,3911868700.0,True,False,True,0.01635311,spiral,1
671402,2520521200.0,True,False,False,0.01158736,spiral,0
671686,3122817000.0,True,False,False,0.014335597,spiral,1
671746,2408011000.0,True,False,False,0.015609554,spiral,1
671812,3055173600.0,True,False,False,0.015545135,spiral,1
672013,3899619000.0,True,False,False,0.014649788,spiral,1
672223,4213196000.0,True,False,False,0.015999872,spiral,1
672409,3348397800.0,True,False,True,0.021191776,irregular,1
672526,2353333200.0,True,False,True,0.018531833,spiral,1
672664,2798117400.0,True,False,False,0.014043915,spiral,1
672765,2476065500.0,True,False,False,0.012437867,spiral,0
672870,2266305500.0,True,False,False,0.010690888,spiral,0
673249,2145071900.0,True,False,False,0.014606734,spiral,1
673368,2861651200.0,True,False,True,0.016361168,spiral,1
673482,2354933200.0,True,False,False,0.016221752,spiral,1
673572,2625533000.0,True,False,False,0.012243899,elliptical,0
673779,2278945500.0,True,False,False,0.013940647,spiral,0
673829,3059435500.0,True,False,False,0.013964696,spiral,0
673870,3777576200.0,True,False,False,0.018163973,spiral,1
673933,3185599500.0,True,False,True,0.021940269,spiral,1
674074,3889289200.0,True,False,False,0.012181847,spiral,0
674132,2759347000.0,True,False,False,0.015157531,spiral,1
674223,3650919700.0,True,False,False,0.014166928,spiral,1
674405,5022723600.0,True,False,False,0.01631313,spiral,1
674549,2726359600.0,True,False,False,0.012025877,spiral,0
674977,5613506000.0,True,False,False,0.01587253,spiral,1
675074,3539268000.0,True,False,True,0.01802918,spiral,1
675147,3035682800.0,True,False,False,0.015200624,spiral,1
675218,2579742000.0,True,False,False,0.01565908,spiral,1
675275,2225165000.0,True,False,False,0.016458211,spiral,1
675556,2836938800.0,True,False,False,0.017378181,spiral,1
676011,2440611300.0,True,False,True,0.017478973,spiral,1
676695,2433439700.0,True,False,False,0.014538732,spiral,1
676758,4088298800.0,True,False,False,0.015761573,spiral,1
677382,2758051000.0,True,False,False,0.012765444,spiral,0
677605,2293901000.0,True,False,True,0.020031495,irregular,1
678001,3661275400.0,True,False,True,0.017806413,spiral,1
678193,2222537200.0,True,False,False,0.013641516,spiral,0
678949,4109603600.0,True,False,False,0.018649304,spiral,1
680206,3067505200.0,True,False,True,0.021134622,elliptical,1
680429,3688811300.0,True,False,False,0.016109824,spiral,1
680963,2522881500.0,True,False,True,0.018477295,spiral,1
681410,2675494000.0,True,False,False,0.013546318,spiral,0
681560,2462599000.0,True,False,False,0.016447617,spiral,1
681644,2806940000.0,True,False,True,0.02024999,elliptical,1
683108,2453747500.0,True,False,False,0.015287646,spiral,1
683249,2261847800.0,True,False,False,0.014541619,spiral,1
683379,3363173600.0,True,False,True,0.016842479,spiral,1
683428,2223245300.0,True,False,True,0.015138235,elliptical,1
683528,2177524200.0,True,False,False,0.013937427,spiral,0
683616,2306867200.0,True,False,False,0.012608807,elliptical,0
684015,2713507600.0,True,False,True,0.02078687,irregular,1
684658,2324020500.0,True,False,False,0.013265099,spiral,0
684778,2183878400.0,True,False,False,0.013308489,spiral,0
684910,2251862800.0,True,False,False,0.012793036,spiral,0
685497,3362915800.0,True,False,False,0.016210956,spiral,1
686190,3279559400.0,True,False,True,0.021524308,irregular,1
686379,2204766000.0,True,False,False,0.014844858,spiral,1
686753,4455257000.0,True,False,True,0.019032817,spiral,1
687031,2586882300.0,True,False,False,0.01268461,spiral,0
687075,4296539600.0,True,False,True,0.018849479,spiral,1
687111,2353889300.0,True,False,True,0.017560966,irregular,1
688868,3432780500.0,True,False,True,0.0175103,spiral,1
689938,2582865200.0,True,False,False,0.015827905,spiral,1
690177,2444556500.0,True,False,True,0.01704418,irregular,1
691708,2150068500.0,True,False,False,0.013475618,spiral,0
692281,2387117000.0,True,False,False,0.012585765,spiral,0
692413,2652419600.0,True,False,True,0.018596541,irregular,1
692981,5025890000.0,True,False,True,0.02177314,elliptical,1
693110,2242971100.0,True,False,True,0.019984502,elliptical,1
693204,2690413000.0,True,False,False,0.014320528,spiral,1
693263,2668180500.0,True,False,False,0.012661369,spiral,0
693383,2305266200.0,True,False,True,0.01651611,spiral,1
693522,2408094200.0,True,False,True,0.016750269,irregular,1
693751,3264500000.0,True,False,True,0.021118095,elliptical,1
693791,2159675400.0,True,False,False,0.013049927,spiral,0
694640,2319855900.0,True,False,False,0.013985,spiral,0
695762,2461200400.0,True,False,True,0.018924538,irregular,1
696559,7014425600.0,False,False,True,0.022910316,spiral,1
697948,9909231000.0,False,False,True,0.02559117,elliptical,1
698432,2581083600.0,True,False,False,0.013483566,spiral,0
698613,3545957600.0,True,False,False,0.014246859,spiral,1
698644,3388534300.0,True,False,False,0.015395405,spiral,1
698742,3207964000.0,True,False,False,0.014894741,spiral,1
699011,2474393600.0,True,False,True,0.019555006,spiral,1
699351,2321462500.0,True,False,True,0.019014293,irregular,1
700338,2427442200.0,True,False,False,0.015558764,spiral,1
700644,2151130600.0,True,False,False,0.013320983,spiral,0
700878,2551315500.0,True,False,False,0.015022868,spiral,1
700900,3478070300.0,True,False,False,0.016469764,spiral,1
702135,2231258600.0,True,False,False,0.013261485,spiral,0
702558,3957335000.0,True,False,True,0.021355923,spiral,1
702795,2390588700.0,True,False,False,0.012837222,spiral,0
706835,2266342400.0,True,False,False,0.013097498,spiral,0
708459,3638714400.0,True,False,False,0.015297863,elliptical,1
708619,2254382300.0,True,False,False,0.0106442,spiral,0
715911,3411462400.0,True,False,False,0.017552953,irregular,1
717477,2957340000.0,True,False,True,0.01747288,spiral,1
717499,2281772300.0,True,False,True,0.018036095,spiral,1
717798,2228894700.0,True,False,True,0.015975326,irregular,1
719867,3055579000.0,True,False,True,0.019697249,irregular,1
719882,2731550700.0,True,False,True,0.01979805,elliptical,1
727582,2299226000.0,True,False,True,0.020432873,spiral,1
731524,4086970400.0,True,False,True,0.02664985,spiral,1
738369,2539541200.0,True,False,True,0.021910802,irregular,1
738736,2434969600.0,True,False,True,0.019099528,irregular,1
799553,3253834200.0,False,False,True,0.025692638,elliptical,1
